county_st,a,b
"Baldwin County, Alabama",1.2562889948345366,1.162280551231368
"Butler County, Alabama",1.719235182703513,1.035723637301826
"Chambers County, Alabama",2.017345393774257,1.2555635612860239
"Chilton County, Alabama",4.695608381020143,1.134233123945018
"Cleburne County, Alabama",2.8020479075817812,1.118133324198399
"Colbert County, Alabama",1.9968972460630239,1.118053795317736
"Conecuh County, Alabama",1.8776498612619639,1.1113103918428686
"Cullman County, Alabama",2.5388543699572037,1.1298459546965238
"Dale County, Alabama",1.7407590553157046,1.1833966880919053
"DeKalb County, Alabama",3.2350838282890275,1.1423589590776522
"Etowah County, Alabama",3.640609694389237,1.2074845804272363
"Greene County, Alabama",2.617615252065267,1.1323899254096632
"Houston County, Alabama",2.3027584560890424,1.1777477535249647
"Jefferson County, Alabama",11.877090017509676,1.1779526288473445
"Lowndes County, Alabama",1.2925239495333578,1.161563149079709
"Macon County, Alabama",2.032609394206133,1.1572153066510902
"Madison County, Alabama",5.24897701713437,1.1999434631448807
"Mobile County, Alabama",2.290666857595362,1.2785596474615417
"Montgomery County, Alabama",1.5630917095009145,1.1759182774197423
"Morgan County, Alabama",7.316282595200467,1.1225290275252129
"St. Clair County, Alabama",1.791590613941782,1.1575301704198144
"Talladega County, Alabama",1.4122078618823228,1.1477798508625456
"Tuscaloosa County, Alabama",2.4524248727921036,1.149261628378519
"Walker County, Alabama",2.577968307512182,1.203766756276794
"Apache County, Arizona",4.5859752424723395,1.1260150270354952
"Cochise County, Arizona",1.6948487349785621,1.1097319706284403
"Coconino County, Arizona",5.897542916395966,1.2033529141239054
"La Paz County, Arizona",2.6926642549472493,1.0317583556182395
"Maricopa County, Arizona",0.3496246205999313,1.163645274584741
"Mohave County, Arizona",3.8847819104161654,1.1536239792971208
"Navajo County, Arizona",4.356773290763886,1.2269539641109029
"Pima County, Arizona",1.2772785850052615,1.2376444931803348
"Pinal County, Arizona",2.4713762574228233,1.1309606939319947
"Santa Cruz County, Arizona",1.7014041102577366,1.0677542759941467
"Yavapai County, Arizona",1.9657970621351726,1.202903275242388
"Yuma County, Arizona",2.114893911407683,1.131828204569336
"Benton County, Arkansas",2.78590976688358,1.1884589063053805
"Clark County, Arkansas",2.8460095521821835,1.1533013826870784
"Conway County, Arkansas",2.4467513112468393,1.050999506750029
"Craighead County, Arkansas",1.7055190511490206,1.1554046595728458
"Crawford County, Arkansas",2.039377946631464,1.0560042607179425
"Crittenden County, Arkansas",1.7809586291639132,1.2210124385697132
"Franklin County, Arkansas",2.0,1.0
"Hot Spring County, Arkansas",2.0122175186654516,1.1091521624077172
"Jefferson County, Arkansas",3.3324370106593415,1.1316798576876042
"Miller County, Arkansas",4.229229399500521,1.2092080508884653
"Mississippi County, Arkansas",2.0926574207245023,1.1938481165518688
"Nevada County, Arkansas",2.0000000000000004,1.0
"Pope County, Arkansas",1.5330270951939973,1.135913027195046
"Pulaski County, Arkansas",8.21808290904324,1.1401311446845628
"Saline County, Arkansas",1.1817667854347407,1.1511925998985535
"Sebastian County, Arkansas",1.7536996617014993,1.1042242523865684
"St. Francis County, Arkansas",1.5184078827782352,1.375967734992478
"Washington County, Arkansas",2.6752350670409437,1.149215326131313
"White County, Arkansas",4.941963754871336,1.1371477275033333
"Alameda County, California",3.0919652982236125,1.1690369789353143
"Butte County, California",3.228722290187779,1.093878598123282
"Colusa County, California",1.6986932535445003,1.0713892864395582
"Contra Costa County, California",3.4421970313797363,1.158771352607885
"El Dorado County, California",3.567360658571516,1.141550416729676
"Fresno County, California",1.099493012232678,1.1751864257750095
"Glenn County, California",2.4331731871514695,1.024808876146108
"Humboldt County, California",0.7848037361132152,1.0783380706308805
"Imperial County, California",5.326895650416383,1.1683832635463411
"Kern County, California",2.2516380965975227,1.278103029244102
"Kings County, California",2.574334219829574,1.1010644581316533
"Lake County, California",2.9149249735892218,1.1219551454461996
"Los Angeles County, California",0.4071275586166464,1.2072660740544987
"Madera County, California",1.142789857024089,1.1174456776392372
"Marin County, California",0.9348941245382031,1.1406324265564918
"Mendocino County, California",1.9317455875480076,1.0552188992934504
"Merced County, California",2.9937021108777753,1.1938247158509885
"Monterey County, California",5.3588406284476555,1.1427846066912282
"Napa County, California",0.9501434212018659,1.0756255531637244
"Nevada County, California",1.5115765369417251,1.1670568062993734
"Orange County, California",0.4944916430486344,1.154214797485857
"Placer County, California",2.5905974949944555,1.1116946160285193
"Riverside County, California",2.429327170635291,1.2208188931155062
"Sacramento County, California",1.1871469899175,1.142949298397199
"San Bernardino County, California",2.99487380629012,1.2708009839673753
"San Diego County, California",0.37135227789499936,1.171134025901916
"San Francisco County, California",1.1364188842520264,1.1315025921747244
"San Joaquin County, California",4.424333305183315,1.1695909195452563
"San Luis Obispo County, California",6.114164111455689,1.1464791123704634
"San Mateo County, California",2.515095777514485,1.184405797087624
"Santa Barbara County, California",3.283250508967802,1.217296493436662
"Santa Clara County, California",1.4021178862834387,1.1508041608439659
"Santa Cruz County, California",1.6333608418605967,1.1428753514082726
"Shasta County, California",1.1423218052327013,1.0957671465620107
"Siskiyou County, California",3.408154673922249,1.0186972631136344
"Solano County, California",5.408332906176204,1.0649158921138242
"Sonoma County, California",1.2512966261387835,1.1202044578426291
"Stanislaus County, California",2.139124032285959,1.150665694176638
"Sutter County, California",3.2405479193763482,1.164401719827279
"Tehama County, California",1.9999999999999998,1.0
"Tulare County, California",2.462260348802558,1.172889608468789
"Ventura County, California",3.32005251488658,1.1823127388885197
"Yolo County, California",1.3359776101203875,1.1221590251956954
"Yuba County, California",2.713163215615339,1.0988674201193223
"Adams County, Colorado",3.6472574415248116,1.2082283406835443
"Arapahoe County, Colorado",3.5070991454556144,1.216262071646439
"Boulder County, Colorado",7.229542522040287,1.1634119797313054
"Broomfield County, Colorado",2.5936854610460145,1.1968603832691234
"Denver County, Colorado",4.102684216932294,1.204585602414274
"Douglas County, Colorado",2.1302478674816037,1.1641792760031142
"Eagle County, Colorado",3.906045168249887,1.1741747603429802
"El Paso County, Colorado",1.2289716804643767,1.2260676972327313
"Garfield County, Colorado",2.9123866236764298,1.1458609018081858
"Grand County, Colorado",2.5059056294755053,1.0405079592102595
"Jefferson County, Colorado",1.7922975033045712,1.206968986022731
"Kit Carson County, Colorado",1.999190455976345,1.103190750450715
"La Plata County, Colorado",3.8132091459939312,1.1797549855924638
"Larimer County, Colorado",1.436360568153208,1.1984404475979633
"Lincoln County, Colorado",2.0,1.0
"Mesa County, Colorado",1.336925582977147,1.1392334903075951
"Morgan County, Colorado",1.926358264398325,1.1297077087228329
"Pitkin County, Colorado",9.633472659443877,1.0573830591140356
"Prowers County, Colorado",2.0,1.0
"Pueblo County, Colorado",1.263630299360572,1.1585858932032338
"Routt County, Colorado",1.6615891754068377,1.1328425637830306
"Summit County, Colorado",2.7016593106320865,1.122954835460698
"Weld County, Colorado",3.786777261080048,1.2424295421569194
"Fairfield County, Connecticut",3.655591950124923,1.2903450458257533
"Hartford County, Connecticut",5.382092116797559,1.2686222478594913
"Middlesex County, Connecticut",3.552242394854299,1.2174275044409928
"New Haven County, Connecticut",4.430356806143309,1.2983130743388234
"New London County, Connecticut",2.9239576982971416,1.216295736578223
"Tolland County, Connecticut",7.782757288235239,1.1642368405516441
"Windham County, Connecticut",1.317824744626488,1.2039699696019488
"Kent County, Delaware",3.7528973574937914,1.1967193183834401
"New Castle County, Delaware",4.31276194183421,1.2069234123562809
"Sussex County, Delaware",4.4347952010910445,1.216679337184933
"Alachua County, Florida",2.9186367919249023,1.1656290597661414
"Baker County, Florida",1.7059074181330849,1.1063242533744928
"Bay County, Florida",1.7494369236329785,1.1834483169535281
"Brevard County, Florida",3.0281045480493547,1.188989065430469
"Broward County, Florida",4.090896818827323,1.2423398838927724
"Charlotte County, Florida",0.8202922031692135,1.1418116292881637
"Collier County, Florida",3.550113104347242,1.1811246422924433
"Columbia County, Florida",2.3463973972371344,1.111707547988621
"Duval County, Florida",3.1460823367072557,1.233508574415721
"Escambia County, Florida",1.6153254972933646,1.2548232142649511
"Gadsden County, Florida",1.3438859721677143,1.118734794706585
"Glades County, Florida",3.123620002551708,1.0562738786194825
"Hamilton County, Florida",2.0,1.0
"Hernando County, Florida",4.421465600014279,1.1447552470514548
"Hillsborough County, Florida",1.0079255434154597,1.1977397603712132
"Indian River County, Florida",4.6772282164262196,1.1566996684062398
"Jackson County, Florida",1.5936877909351903,1.0654347448152774
"Lake County, Florida",2.690548613851877,1.2080775406921986
"Lee County, Florida",1.5120025166636704,1.201394114043263
"Leon County, Florida",3.0846077476396325,1.1684487378875184
"Madison County, Florida",3.289859545196254,1.2327386318305664
"Manatee County, Florida",1.1059793935722377,1.1392775679033909
"Marion County, Florida",3.6389082644063926,1.1923863240351906
"Martin County, Florida",2.2039885394945764,1.2266875664414092
"Miami-Dade County, Florida",7.2688794957563,1.3050403416581837
"Monroe County, Florida",2.980992241158228,1.1918571783651317
"Nassau County, Florida",1.0193826955680132,1.1180490669317593
"Okaloosa County, Florida",1.2132561797492578,1.148809229130268
"Okeechobee County, Florida",2.096489224861275,1.1676525885891365
"Orange County, Florida",3.4856542545161098,1.2690440107058378
"Osceola County, Florida",3.20756557189002,1.208824540525639
"Palm Beach County, Florida",5.395439754828836,1.2523955884323932
"Pasco County, Florida",1.4344848905487984,1.176903938841428
"Pinellas County, Florida",2.342096931699888,1.2165522172200416
"Polk County, Florida",3.778993138190067,1.2179458248560069
"Sarasota County, Florida",2.606344197611081,1.1867889490770425
"Seminole County, Florida",2.4120376594008106,1.2047949780822944
"St. Johns County, Florida",1.7234839608376273,1.1960450920033001
"St. Lucie County, Florida",3.9787310660952433,1.229691478125131
"Sumter County, Florida",3.7379268681443225,1.1929879736872628
"Suwannee County, Florida",1.693784282715908,1.31755364935216
"Volusia County, Florida",1.9116781300025587,1.159676655082434
"Walton County, Florida",3.9679112421901586,1.1110927544236893
"Bartow County, Georgia",7.83827800799385,1.1438810833764497
"Bibb County, Georgia",1.998099773320272,1.1942261790356694
"Bryan County, Georgia",3.5124342915807394,1.1498223549661357
"Butts County, Georgia",2.577447965109819,1.1321772701683643
"Camden County, Georgia",1.791367402275243,1.1641899596669718
"Carroll County, Georgia",18.91156815421326,1.1463665064147566
"Chatham County, Georgia",3.3278448172600026,1.2204109977155007
"Clarke County, Georgia",4.546001128706119,1.1440155475849634
"Clayton County, Georgia",4.206521519801644,1.2092525088799908
"Cobb County, Georgia",4.5080564488248935,1.1809367864891076
"Columbia County, Georgia",2.2787705403964322,1.1729705095595129
"Cook County, Georgia",1.487902084040559,1.1304607289709045
"Coweta County, Georgia",2.658961529826484,1.1584317376873454
"Crisp County, Georgia",3.468036722188481,1.207067973945275
"Dade County, Georgia",1.823934570598366,1.0337308247152914
"DeKalb County, Georgia",3.652147248149823,1.214967905086024
"Dooly County, Georgia",6.163944531118166,1.203454411063095
"Dougherty County, Georgia",10.080522027541713,1.2354892518525376
"Douglas County, Georgia",5.230986693365083,1.2036600383509082
"Franklin County, Georgia",3.0271849926063505,1.0456978893651394
"Fulton County, Georgia",1.9831489435485345,1.2077800520831419
"Glynn County, Georgia",2.9667406640543517,1.1391120722035804
"Gordon County, Georgia",2.5534016880928943,1.1044062817533449
"Gwinnett County, Georgia",1.3889901621647947,1.2218505551122165
"Hall County, Georgia",2.89898796978136,1.212734737004399
"Haralson County, Georgia",2.1948532250468755,1.1804842157139355
"Jackson County, Georgia",2.067904111322093,1.2054493074127959
"Laurens County, Georgia",3.0776527688832953,1.1177605276239682
"Liberty County, Georgia",1.7000527394123537,1.1556783837975875
"Lowndes County, Georgia",2.1976206394016744,1.1256179320886646
"McDuffie County, Georgia",1.5073149461960285,1.19433733785727
"Monroe County, Georgia",1.903232492685958,1.106613421015676
"Morgan County, Georgia",1.3068130163446414,1.1165554875086465
"Muscogee County, Georgia",2.0772355541814957,1.2128972123124602
"Peach County, Georgia",2.614833039803316,1.1046672629482732
"Richmond County, Georgia",3.722022512566508,1.1537021851576397
"Tift County, Georgia",2.7105861110416027,1.1842137981917107
"Troup County, Georgia",2.2008596082268177,1.1484513584722889
"Turner County, Georgia",1.2528579725724796,1.155816752679284
"Whitfield County, Georgia",1.6959137783888307,1.1323322922365835
"Hawaii County, Hawaii",2.138891312734987,1.1363405584800432
"Honolulu County, Hawaii",1.619678026313757,1.19275867618629
"Kauai County, Hawaii",2.3420437662649443,1.092956029672963
"Maui County, Hawaii",3.366661519407529,1.1308495018140183
"Ada County, Idaho",1.810572554165464,1.2657806490908672
"Bannock County, Idaho",3.3252737068074376,1.0456659861060524
"Blaine County, Idaho",3.866191410604914,1.239620566301916
"Bonneville County, Idaho",1.988922841152928,1.1551335145460693
"Canyon County, Idaho",3.291817135029558,1.2442080492072662
"Elmore County, Idaho",3.4644560097309847,1.205565488407121
"Jerome County, Idaho",3.1238068435521082,1.2651468911856092
"Kootenai County, Idaho",3.9111565861769844,1.158184255212047
"Minidoka County, Idaho",1.8196189489943333,1.0991312225591845
"Nez Perce County, Idaho",3.621955793344815,1.137670739224491
"Adams County, Illinois",1.2976402342424036,1.1002820692335689
"Bond County, Illinois",2.625304380166076,1.0579842640663948
"Boone County, Illinois",4.2581956027457,1.2039764646185536
"Champaign County, Illinois",3.6339912935748453,1.2164547553480887
"Clark County, Illinois",1.8730198663346347,1.1051255947650571
"Cook County, Illinois",0.5045042302675189,1.2082192713919235
"Cumberland County, Illinois",1.9470797872919952,1.0032231602949846
"DuPage County, Illinois",9.989063808430068,1.2209518499366272
"Effingham County, Illinois",1.7167090325885417,1.1087436891685774
"Franklin County, Illinois",1.9075942972486133,1.0264082931128986
"Grundy County, Illinois",2.0076230467999134,1.134868470321912
"Henry County, Illinois",1.9548322841730277,1.190523566384785
"Iroquois County, Illinois",2.1419425243823778,1.1138972615964264
"Jefferson County, Illinois",2.462288826689833,1.2311444133449163
"Kane County, Illinois",1.6845595414727965,1.2112858749264612
"Kankakee County, Illinois",1.8303810095419646,1.247596858058731
"Knox County, Illinois",2.0000000000000004,1.0
"Lake County, Illinois",3.366278431282793,1.2565962757624072
"LaSalle County, Illinois",1.7080719551426753,1.1078182221683037
"Macon County, Illinois",1.789968993783192,1.1925159237571854
"Madison County, Illinois",1.5468955755416516,1.2085133939816115
"McHenry County, Illinois",1.6111222793269997,1.1849748734933947
"McLean County, Illinois",4.684248213822501,1.1468219995383693
"Morgan County, Illinois",2.273543036739774,1.1150541846760609
"Peoria County, Illinois",2.534754269103497,1.0879452914213656
"Rock Island County, Illinois",1.701385901977375,1.2443850145298156
"Sangamon County, Illinois",2.5565770675661157,1.1134665954661467
"St. Clair County, Illinois",1.756346135122119,1.1901463978312719
"Vermilion County, Illinois",2.6956689519253465,1.1399712973100118
"Will County, Illinois",4.506463126628954,1.2855855487299994
"Williamson County, Illinois",1.3559689647362174,1.0663017621947024
"Winnebago County, Illinois",1.5384670388633572,1.1670007989006461
"Allen County, Indiana",4.2101640240272475,1.1954348721746761
"Bartholomew County, Indiana",1.4409508471506673,1.177816869860164
"Boone County, Indiana",0.9003442103104077,1.1603570007843294
"Clark County, Indiana",2.201843033753581,1.2096474603491576
"Clay County, Indiana",1.3726046441809892,1.2118287028610095
"Crawford County, Indiana",1.3726758018602456,1.2001233574140853
"Decatur County, Indiana",12.368920273963774,1.1696891323395264
"Delaware County, Indiana",3.177466744727402,1.1761391148092182
"Elkhart County, Indiana",2.9917831564927813,1.1820025183090408
"Fulton County, Indiana",1.65978793854893,1.0704349623262563
"Gibson County, Indiana",3.7611199268404003,1.025106468571256
"Grant County, Indiana",2.179986782955085,1.1376146995688816
"Hancock County, Indiana",3.3432909380217692,1.219798963757882
"Hendricks County, Indiana",1.2324730375969914,1.1852996393715516
"Henry County, Indiana",1.7153783084091518,1.2254690136560487
"Huntington County, Indiana",1.913643669793947,1.1150533564825957
"Jackson County, Indiana",2.332674825965412,1.2383006479274483
"Jasper County, Indiana",3.7497895016848726,1.1263043715878127
"Johnson County, Indiana",2.040259784411266,1.19409431831707
"LaGrange County, Indiana",2.423109199186033,1.0924328152347058
"Lake County, Indiana",3.5481571794355617,1.270553332222439
"LaPorte County, Indiana",1.1806721802641185,1.1305753502006655
"Madison County, Indiana",1.3032842196838814,1.2621643195307177
"Marion County, Indiana",0.9446482329405878,1.2947090725475903
"Marshall County, Indiana",2.7013526397128365,1.1069292693335908
"Monroe County, Indiana",3.799604535884839,1.2017561538366033
"Montgomery County, Indiana",2.415121248043959,1.1583474780092642
"Porter County, Indiana",3.651086706211073,1.2586761599220078
"Shelby County, Indiana",1.4627233384006877,1.2248488884061206
"St. Joseph County, Indiana",1.2359015095137267,1.193359405798934
"Steuben County, Indiana",1.5852872974236745,1.2152022202222867
"Tippecanoe County, Indiana",2.278741312085523,1.1644732324377822
"Vanderburgh County, Indiana",1.6080842982525274,1.2146299445708737
"Vermillion County, Indiana",0.9733310607785425,1.1689092405096115
"Vigo County, Indiana",2.0531520548454543,1.1463931418753452
"Wayne County, Indiana",1.1515058842542205,1.11854113485791
"White County, Indiana",2.4025985432892676,1.0577241244140214
"Black Hawk County, Iowa",2.1077764052448535,1.1023897268001648
"Cedar County, Iowa",3.340714056432357,1.1277294687735893
"Cerro Gordo County, Iowa",2.738412588015606,1.1082522880491583
"Clarke County, Iowa",1.9999999999999996,1.0
"Des Moines County, Iowa",1.745477261112772,1.0440541667092098
"Dubuque County, Iowa",3.13728124230679,1.1379257175432558
"Hamilton County, Iowa",1.9999999999999998,1.1293469354568555
"Henry County, Iowa",1.4427428275026655,1.1307264269639543
"Jasper County, Iowa",2.585450426593252,1.1069067554574035
"Johnson County, Iowa",8.295387114976164,1.0988682838695898
"Linn County, Iowa",5.096693708240201,1.2562950604351246
"Polk County, Iowa",2.796548009219911,1.199694872415019
"Pottawattamie County, Iowa",1.4124908536680907,1.0650724731851526
"Poweshiek County, Iowa",3.188831541050888,1.0599753887310384
"Scott County, Iowa",2.252156480452344,1.2416295753380429
"Story County, Iowa",1.933937175005013,1.0766614869185829
"Woodbury County, Iowa",2.321129713602509,1.1014267475075605
"Coffey County, Kansas",5.62219896079432,1.1807464234102227
"Douglas County, Kansas",2.525030485142163,1.1566027526037306
"Finney County, Kansas",1.6848988637172053,1.2373093123503374
"Ford County, Kansas",1.8243828328416865,1.0154553762534857
"Franklin County, Kansas",1.320367291895316,1.0932679332219672
"Harvey County, Kansas",1.7394561943208793,1.0849953640189358
"Johnson County, Kansas",1.976154104880922,1.1793066054464545
"Leavenworth County, Kansas",3.4967659458864566,1.1466006961637007
"Lyon County, Kansas",2.9895093981978125,1.1605783849279279
"McPherson County, Kansas",2.3576783655577906,1.1595564716136624
"Neosho County, Kansas",2.0000000000000004,1.0
"Reno County, Kansas",2.4361010016028115,1.098229016328078
"Saline County, Kansas",1.9802382250129988,1.1863080805023476
"Sedgwick County, Kansas",2.438630761342355,1.257572926790648
"Seward County, Kansas",2.2449240966187456,1.414213562373095
"Shawnee County, Kansas",5.039010525254578,1.190873585295972
"Wyandotte County, Kansas",1.8461533493549163,1.2111898641137064
"Boone County, Kentucky",2.551334202533145,1.2119532283986225
"Boyd County, Kentucky",3.6179349721909237,1.1938802093738756
"Bullitt County, Kentucky",2.97071140781844,1.1570627595373075
"Carter County, Kentucky",1.9999999999999996,1.0
"Christian County, Kentucky",1.7210483220683304,1.1653240925262205
"Fayette County, Kentucky",1.7933989271896733,1.1571199788536717
"Hardin County, Kentucky",2.6580255013764478,1.1008245697499175
"Hart County, Kentucky",1.9999999999999998,1.0
"Henry County, Kentucky",1.735731035994144,1.0934420346024292
"Hopkins County, Kentucky",2.973191866998028,1.2748640815931913
"Jefferson County, Kentucky",1.7540141575614618,1.2078810516513803
"Jessamine County, Kentucky",3.524981934122453,1.1224790054869354
"Kenton County, Kentucky",2.7392844303091604,1.1778671460514742
"Laurel County, Kentucky",1.8375536819744926,1.0536662467614581
"Madison County, Kentucky",2.9285060543174137,1.1059883287234789
"Marshall County, Kentucky",1.3422772841253363,1.170261397702058
"McCracken County, Kentucky",2.800041856695613,1.1170739878228917
"Montgomery County, Kentucky",1.7626224531644872,1.0552195183903714
"Ohio County, Kentucky",3.2182566914766975,1.2406795728783377
"Scott County, Kentucky",1.33605504379635,1.1508064970008625
"Shelby County, Kentucky",2.1274441194230578,1.1773194071633633
"Simpson County, Kentucky",1.6933501868431715,1.15740808979588
"Warren County, Kentucky",2.9066334511021124,1.1256865146056965
"Whitley County, Kentucky",1.9999999999999998,0.9999999999999999
"Cumberland County, Maine",9.465127584925279,1.1608728991675206
"Kennebec County, Maine",2.6700345341587277,1.118678008502022
"Penobscot County, Maine",2.1020444171955632,1.1456176746539257
"York County, Maine",3.8083644375818144,1.1953728861192354
"Allegany County, Maryland",2.610921629327547,1.2220495839192427
"Anne Arundel County, Maryland",2.1192052242532635,1.246750321323075
"Baltimore County, Maryland",1.9585241523646157,1.2580981771387916
"Carroll County, Maryland",1.2040630458071178,1.2438699513886409
"Cecil County, Maryland",2.84945448900775,1.195898845458798
"Charles County, Maryland",1.132737832236948,1.2150133385508128
"Frederick County, Maryland",1.11232979400847,1.2515259712147662
"Garrett County, Maryland",3.7341912883501704,1.0134800197543707
"Harford County, Maryland",1.1926410260189455,1.1421420292270204
"Howard County, Maryland",4.895594315587452,1.202228022369689
"Montgomery County, Maryland",2.8051814684005776,1.20100578579404
"Prince George's County, Maryland",3.069604317399801,1.229676467734464
"Washington County, Maryland",1.6632120586253138,1.2176859318367825
"Wicomico County, Maryland",2.5106238922959627,1.1017307173648767
"Barnstable County, Massachusetts",2.4699844521783705,1.2653906417590723
"Berkshire County, Massachusetts",3.481370985874327,1.1629272958432875
"Bristol County, Massachusetts",2.563012868711103,1.2944746590719551
"Dukes County, Massachusetts",1.4066919146076622,1.154430052211905
"Essex County, Massachusetts",2.2005044630790622,1.29763565134435
"Franklin County, Massachusetts",2.0768280356924085,1.2482425504134331
"Hampden County, Massachusetts",1.7437960636554382,1.3465478754969507
"Hampshire County, Massachusetts",3.004594607009188,1.2517327090662969
"Middlesex County, Massachusetts",7.291192821057361,1.2164157268401468
"Norfolk County, Massachusetts",2.3361917942612997,1.209225280144767
"Plymouth County, Massachusetts",4.6733506965315,1.2981685781007994
"Suffolk County, Massachusetts",0.38802797364057956,1.1837833425021105
"Worcester County, Massachusetts",1.3573939109555229,1.270581683204205
"Allegan County, Michigan",1.225515358272685,1.1570026028196454
"Berrien County, Michigan",5.3364634584547685,1.1763849812050071
"Calhoun County, Michigan",3.175270369295118,1.1821759914319006
"Clinton County, Michigan",1.9948118843428553,1.2179267178431474
"Genesee County, Michigan",6.023731968798669,1.3052271757791207
"Grand Traverse County, Michigan",2.581274830482988,1.1237518262538875
"Ingham County, Michigan",1.4856183625301052,1.2186361810512034
"Ionia County, Michigan",2.733182635586763,1.1208782129782988
"Jackson County, Michigan",1.415233960412153,1.248580909922355
"Kalamazoo County, Michigan",5.44722427240643,1.1887244207950114
"Kent County, Michigan",3.811764512995374,1.1744731199234903
"Macomb County, Michigan",6.226306956056412,1.2996143744803772
"Monroe County, Michigan",1.5425031055789868,1.2172208837234724
"Oakland County, Michigan",4.819488195543638,1.3021202376711458
"Ottawa County, Michigan",1.9999350622697647,1.1686709532956052
"Saginaw County, Michigan",3.1878465552360615,1.2756287338386012
"St. Clair County, Michigan",1.499060751156765,1.181920252712931
"Washtenaw County, Michigan",3.8992902196784787,1.2335373639664124
"Wayne County, Michigan",4.084448167041865,1.3600633674166518
"Anoka County, Minnesota",1.7048585537137615,1.1259969774580423
"Dakota County, Minnesota",3.234706430320682,1.1385838971769056
"Douglas County, Minnesota",2.0000000000000004,1.0
"Freeborn County, Minnesota",4.451530237936467,1.2300585492909675
"Hennepin County, Minnesota",9.647720209452663,1.163238285677491
"Olmsted County, Minnesota",2.089338910262581,1.1687894974693607
"Ramsey County, Minnesota",1.8892872804472303,1.1424407378216936
"Rice County, Minnesota",2.0307990569587577,1.049605152041681
"St. Louis County, Minnesota",2.4290294916426003,1.1470642344978639
"Stearns County, Minnesota",3.651861707165435,1.0285988749710469
"Steele County, Minnesota",4.179492715090243,1.0481267446857379
"Washington County, Minnesota",2.357742872467404,1.1718502192475517
"Winona County, Minnesota",3.810586139527119,1.129545349334076
"Clay County, Mississippi",1.5124643534550892,1.1251360444005871
"DeSoto County, Mississippi",7.1198423198727046,1.1843872991088797
"Forrest County, Mississippi",2.3183739365805676,1.1254819354449566
"Harrison County, Mississippi",6.562247555354819,1.1431746191642371
"Hinds County, Mississippi",4.871006822022792,1.1843918189672251
"Jackson County, Mississippi",2.640915521333958,1.2062424598705543
"Jones County, Mississippi",1.328653765770008,1.1339998947365009
"Lamar County, Mississippi",2.4124918535990063,1.1436238223242408
"Lauderdale County, Mississippi",9.052251475281654,1.2133528921761618
"Lee County, Mississippi",6.215366615572664,1.113389211836473
"Lowndes County, Mississippi",5.808009604596372,1.067160484268327
"Madison County, Mississippi",4.250346167809505,1.1765732139756688
"Montgomery County, Mississippi",2.8271852057432163,1.1070625190454702
"Panola County, Mississippi",2.230814152881364,1.1318878326912385
"Pearl River County, Mississippi",2.6649953997801985,1.1401307165881056
"Pike County, Mississippi",3.965450758487316,1.1323647526194767
"Rankin County, Mississippi",7.855498431743155,1.1488322214059294
"Scott County, Mississippi",1.5652343443843826,1.1721170756975703
"Simpson County, Mississippi",1.5737336412318481,1.0905272375422725
"Sunflower County, Mississippi",3.159283699799188,1.1423185875453852
"Tate County, Mississippi",2.8351849029154237,1.1364875456994303
"Union County, Mississippi",2.0061852333595613,1.078959946282053
"Boone County, Missouri",5.241024554220531,1.161165773371678
"Buchanan County, Missouri",3.0587608084542963,1.1471035626635235
"Cass County, Missouri",3.1956929933358387,1.1042466414225036
"Clark County, Missouri",1.9999999999999998,1.0
"Clay County, Missouri",4.698131112222594,1.1571275178319917
"Cooper County, Missouri",1.9129107676499812,1.043021992010469
"Crawford County, Missouri",1.657292197776491,1.1268286070001161
"Franklin County, Missouri",2.9759873822102696,1.2131897566799394
"Greene County, Missouri",2.7332855471878608,1.1482864710858443
"Harrison County, Missouri",2.0268919121148117,1.1157898972228948
"Howell County, Missouri",1.590541457534101,1.1777706183189485
"Jackson County, Missouri",3.6805018606830124,1.2133266675542018
"Jasper County, Missouri",1.705470177322929,1.1137597370079895
"Jefferson County, Missouri",7.156838094921392,1.2069003890967136
"Lafayette County, Missouri",2.440920676921645,1.1958051916219155
"Macon County, Missouri",3.2083203057169096,0.9949056286267228
"Marion County, Missouri",1.0,1.0
"New Madrid County, Missouri",1.5320260689058727,1.2384413602024462
"Newton County, Missouri",3.53047134924974,1.0635676785514891
"Pemiscot County, Missouri",1.7969288394844036,1.0686353827295565
"Phelps County, Missouri",2.0,1.0
"Platte County, Missouri",4.6854468193942935,1.1184738886726913
"Pulaski County, Missouri",2.3026648475963705,1.1051269714303598
"Ralls County, Missouri",2.0000000000000004,1.0
"Scott County, Missouri",1.482782166676069,1.1201812831742155
"St. Charles County, Missouri",2.2757867525431053,1.2747167902822298
"St. Louis County, Missouri",0.9177868981977149,1.2767050735018717
"Ste. Genevieve County, Missouri",3.576725721350051,1.1041990946412554
"Vernon County, Missouri",2.0,1.0
"Warren County, Missouri",2.870272017925186,1.158163311557177
"Cascade County, Montana",4.035696076493982,1.074779149246918
"Flathead County, Montana",2.2184021975867516,1.1535708431470904
"Gallatin County, Montana",1.7178059553314258,1.2083593978125782
"Missoula County, Montana",2.7184203925613857,1.0986530140461743
"Silver Bow County, Montana",1.557354832038838,1.0954580773114182
"Stillwater County, Montana",2.0,1.0
"Yellowstone County, Montana",2.454827696484082,1.1374946727956767
"Buffalo County, Nebraska",1.8734278590705264,1.1448907705745577
"Cheyenne County, Nebraska",2.0,1.0
"Dodge County, Nebraska",2.1206096758886153,1.1112978870060422
"Douglas County, Nebraska",7.006652663316474,1.0620835008273048
"Hall County, Nebraska",2.594639722901838,1.3120730211349878
"Hamilton County, Nebraska",1.0561948871363713,1.243424037559334
"Lancaster County, Nebraska",1.9123418094591838,1.1650103327514711
"Lincoln County, Nebraska",2.3666819873345366,1.101044942043675
"Platte County, Nebraska",1.857106727937311,1.1246782874718935
"Sarpy County, Nebraska",2.4233097291205032,1.142556337893542
"York County, Nebraska",1.7906269097358318,1.045225401369291
"Clark County, Nevada",2.2898681259096123,1.2450118797243623
"Elko County, Nevada",2.1930292313318427,1.0776069670785755
"Humboldt County, Nevada",2.1347599657056464,1.213914304048517
"Lyon County, Nevada",1.5917325414671968,1.082525182300722
"Nye County, Nevada",1.241812338697607,1.114478162401986
"Washoe County, Nevada",1.5143928258332129,1.182947875154316
"White Pine County, Nevada",2.0,1.0
"Grafton County, New Hampshire",2.1585694312902457,1.0947786189772442
"Hillsborough County, New Hampshire",3.5617141240561017,1.2232526257336755
"Merrimack County, New Hampshire",2.4882000980990524,1.1765936094508127
"Rockingham County, New Hampshire",2.1925445414890326,1.1790759718674764
"Strafford County, New Hampshire",3.922432256762634,1.1739538981466142
"Atlantic County, New Jersey",2.7776571728553177,1.2185200382114707
"Bergen County, New Jersey",2.7847705471740336,1.2856704140479298
"Burlington County, New Jersey",2.1025172005673265,1.2368565953651565
"Camden County, New Jersey",0.8401276248429604,1.2409260616696476
"Cape May County, New Jersey",1.5449471782967503,1.2372106245626255
"Cumberland County, New Jersey",1.5467129439143472,1.2459800924995954
"Essex County, New Jersey",8.003717630743054,1.3095745145425544
"Gloucester County, New Jersey",3.2546845848117676,1.2601492329974737
"Hudson County, New Jersey",2.180741451605615,1.3301983868124572
"Hunterdon County, New Jersey",5.0692052587430325,1.202721579501599
"Mercer County, New Jersey",5.004194369985851,1.2558323228718653
"Middlesex County, New Jersey",5.467126681254939,1.2986485399310748
"Monmouth County, New Jersey",3.8086823917618178,1.2800165265475738
"Morris County, New Jersey",5.10868325830495,1.2882095957707795
"Ocean County, New Jersey",4.126728384207879,1.3308437869202467
"Passaic County, New Jersey",1.2390695808498569,1.332434568658903
"Salem County, New Jersey",1.4720041986476626,1.2253359997677327
"Somerset County, New Jersey",12.01804601806373,1.244972914645095
"Sussex County, New Jersey",6.4072301064099575,1.2517658489375132
"Union County, New Jersey",1.5350540515198567,1.3424059056483513
"Warren County, New Jersey",3.2491091403703187,1.243770641726024
"Bernalillo County, New Mexico",4.8586756493592,1.1746582300210686
"Chaves County, New Mexico",4.740316527184577,1.0909764796615908
"Cibola County, New Mexico",1.513386984154271,1.182561490058166
"Colfax County, New Mexico",2.0,1.0
"Curry County, New Mexico",1.8174023918824882,1.1222614058594382
"Do√±a Ana County, New Mexico",5.3050069093735015,1.1199063368159086
"Eddy County, New Mexico",2.77341496175747,1.064815009141318
"Lea County, New Mexico",2.08275948798482,1.0259390326528521
"McKinley County, New Mexico",1.689042858468046,1.2186524525890063
"San Juan County, New Mexico",4.706069907804161,1.2172415968966817
"San Miguel County, New Mexico",1.9999999999999998,1.0
"Sandoval County, New Mexico",1.9846273948454767,1.1815977970173892
"Santa Fe County, New Mexico",2.7491958040079867,1.135486621712509
"Torrance County, New Mexico",3.5166335063391942,1.1010145568911398
"Valencia County, New Mexico",2.6668257672126168,1.1213616166608693
"Albany County, New York",10.591492782993306,1.166871613901913
"Broome County, New York",1.5080862237512538,1.1925914065259617
"Cayuga County, New York",2.046764258018704,1.1251522939905536
"Chemung County, New York",4.174549765001388,1.2053087540261982
"Clinton County, New York",2.5346431794012023,1.1483968290132913
"Columbia County, New York",4.790123449413642,1.173572505515595
"Dutchess County, New York",5.2146399740179294,1.2552937121606147
"Erie County, New York",8.820224535457482,1.2615582060835329
"Genesee County, New York",1.563843514056617,1.1931033360111982
"Herkimer County, New York",1.3777694695778013,1.1257411594406288
"Livingston County, New York",1.7780667924281486,1.1494014221121014
"Madison County, New York",4.87461047555902,1.2248836057741357
"Monroe County, New York",3.154638394906732,1.2414487962760297
"Montgomery County, New York",1.7151535274949063,1.1067115297914227
"Nassau County, New York",6.663740240826445,1.3042034445803374
"Niagara County, New York",5.505801570923699,1.205500907619495
"Oneida County, New York",4.255043681883433,1.211330347887123
"Onondaga County, New York",4.867867402692845,1.2505801207103313
"Ontario County, New York",2.317935977711624,1.151593839764188
"Orange County, New York",7.323479575754097,1.3065339014597066
"Putnam County, New York",4.155990929681158,1.2433879746921725
"Rensselaer County, New York",7.568668091356149,1.1367225129365162
"Rockland County, New York",2.376412391532408,1.3080493264843
"Saratoga County, New York",2.5043630498351077,1.1623597466984168
"Schenectady County, New York",5.2010702514777005,1.1620890444599028
"Seneca County, New York",3.25999712807996,1.2012145876857911
"Steuben County, New York",3.8993229038433364,1.202916327946694
"Suffolk County, New York",6.045996651605999,1.3395862510316516
"Tompkins County, New York",2.4996628263981644,1.1872819630603955
"Ulster County, New York",1.9276581644897166,1.2088299951954897
"Warren County, New York",1.5735397287615889,1.1728768593716756
"Westchester County, New York",30.416893891336702,1.2264645891027262
"Alamance County, North Carolina",3.3580004790501965,1.1378115484633222
"Brunswick County, North Carolina",2.051267624235043,1.1223092640167687
"Buncombe County, North Carolina",4.016162448679145,1.1496932476612858
"Cabarrus County, North Carolina",1.1624231985166886,1.1872071790494751
"Catawba County, North Carolina",2.694434239626124,1.1554163319592465
"Craven County, North Carolina",1.4143284727865848,1.1059211572796577
"Cumberland County, North Carolina",3.174866369961808,1.2055396387904267
"Davidson County, North Carolina",1.6078608681083852,1.2448465123865655
"Davie County, North Carolina",1.7920497369293877,1.1723151598034753
"Duplin County, North Carolina",1.3584344882862829,1.1304947457268004
"Durham County, North Carolina",10.579571283646038,1.1652011840235157
"Forsyth County, North Carolina",2.034722332073704,1.1663247718924812
"Guilford County, North Carolina",4.362969891713621,1.1931310128147157
"Harnett County, North Carolina",3.4587075195219468,1.099531563497794
"Haywood County, North Carolina",2.434671675381972,1.1108092997525725
"Henderson County, North Carolina",2.3321571903707894,1.2202183315711936
"Iredell County, North Carolina",2.5700986834771693,1.167164716028308
"Johnston County, North Carolina",1.5213835079187212,1.1327722727635867
"McDowell County, North Carolina",3.276383685507693,1.1059699664319933
"Mecklenburg County, North Carolina",3.93090071064942,1.2543397629163011
"Montgomery County, North Carolina",2.5217329439173812,1.1189239435174458
"Nash County, North Carolina",1.5668745038055532,1.1885994680374448
"New Hanover County, North Carolina",2.368205495378169,1.1787219142891356
"Onslow County, North Carolina",1.1668806813252979,1.108029306987028
"Orange County, North Carolina",5.587525561780937,1.1637932114392233
"Pitt County, North Carolina",2.883316056852434,1.1794145523342519
"Robeson County, North Carolina",1.9436216112781872,1.0760316580782778
"Rockingham County, North Carolina",2.3658738978056846,1.195776394690845
"Rowan County, North Carolina",2.420979949149162,1.2060026712630791
"Surry County, North Carolina",1.7639767099565005,1.1332673331938146
"Union County, North Carolina",13.245616974166127,1.1277088700684652
"Wake County, North Carolina",1.9062004761875293,1.1709941198555238
"Wayne County, North Carolina",1.0212361866052004,1.118869073657951
"Burleigh County, North Dakota",8.031937870659359,1.0915366674284783
"Cass County, North Dakota",1.3350033283495966,1.220410300260209
"Grand Forks County, North Dakota",3.971808759709286,1.1495488672187868
"McKenzie County, North Dakota",2.1667609063105915,1.133961597895344
"Morton County, North Dakota",6.081461375643954,1.06320910610069
"Ward County, North Dakota",1.5968315893520075,1.0933595772386977
"Williams County, North Dakota",4.341500889478466,1.0546942802979842
"Allen County, Ohio",3.815370369830425,1.1949016321510026
"Ashtabula County, Ohio",2.287324352335678,1.1183174313530329
"Belmont County, Ohio",1.7778410862847949,1.1118789036044001
"Butler County, Ohio",5.825345467352211,1.118251601090262
"Clark County, Ohio",1.558013826609831,1.1083910941143875
"Clinton County, Ohio",1.8566838226464948,1.1140632409789573
"Cuyahoga County, Ohio",5.787844234068087,1.2150565447093957
"Delaware County, Ohio",3.426259389899069,1.1865585120936641
"Fayette County, Ohio",1.5907473439747242,1.062720498608963
"Franklin County, Ohio",4.138062263605807,1.2655542662698864
"Fulton County, Ohio",2.615543410680955,1.0758630955741633
"Gallia County, Ohio",1.5491015473799876,1.0724526852835117
"Guernsey County, Ohio",1.659710682572884,1.1057152259110303
"Hamilton County, Ohio",8.868573046422597,1.2354745939378822
"Hancock County, Ohio",1.632265335988557,1.1510037730496243
"Henry County, Ohio",1.9999999999999998,0.9999999999999999
"Jackson County, Ohio",2.9999999999999996,0.9999999999999998
"Jefferson County, Ohio",3.522933979269803,1.157727654672556
"Lake County, Ohio",3.0321513304031034,1.1933602587967402
"Licking County, Ohio",2.297003454285098,1.2316880145811848
"Lorain County, Ohio",4.237247657649956,1.171423251671203
"Lucas County, Ohio",1.4120628705963434,1.2937298290502819
"Madison County, Ohio",2.2915439030851754,1.159410051809579
"Mahoning County, Ohio",5.558485763614535,1.2306540795233376
"Medina County, Ohio",3.589989381512853,1.1662876180097892
"Montgomery County, Ohio",2.7812852036612172,1.2294012230210598
"Morrow County, Ohio",1.9216774297822052,1.2149126692832604
"Muskingum County, Ohio",2.1681889302788457,1.0952033581911953
"Noble County, Ohio",2.0,1.0
"Pickaway County, Ohio",2.4644190037776044,1.224660849521606
"Portage County, Ohio",3.6441667578046064,1.2506662705687543
"Preble County, Ohio",1.6515047387434847,1.208426180376574
"Richland County, Ohio",1.7046389305922462,1.141208233713644
"Ross County, Ohio",2.2506182360743745,1.1826357785136872
"Sandusky County, Ohio",1.9483181656156057,1.091206843191096
"Shelby County, Ohio",2.7728539126711853,1.184970747351321
"Stark County, Ohio",1.788858376706091,1.1703014023173963
"Summit County, Ohio",3.8776487797112367,1.2021900709394562
"Trumbull County, Ohio",1.2730166888617083,1.1915182066105454
"Warren County, Ohio",3.992471544239458,1.1530973456251705
"Wayne County, Ohio",2.7433174488429004,1.2078946238622736
"Williams County, Ohio",1.9999999999999996,1.0
"Wood County, Ohio",3.0147547258047105,1.1778518239881806
"Wyandot County, Ohio",1.608819529699605,1.1198313144987864
"Atoka County, Oklahoma",1.9999999999999996,1.0
"Beckham County, Oklahoma",1.9999999999999998,1.0
"Bryan County, Oklahoma",1.7085298136272729,1.0669608925086842
"Caddo County, Oklahoma",1.5276376629605994,1.1318710564616956
"Canadian County, Oklahoma",1.8496142154637212,1.15631673603137
"Carter County, Oklahoma",2.0000000000000004,1.0
"Comanche County, Oklahoma",6.248268653631487,1.1877773713031599
"Cotton County, Oklahoma",1.9999999999999998,1.1236910199745527
"Craig County, Oklahoma",1.6150701157273586,1.1001443771053037
"Custer County, Oklahoma",2.0358706051613398,1.0663304269078353
"Delaware County, Oklahoma",2.7881985996927483,1.1446458893667686
"Garfield County, Oklahoma",3.320558308255655,1.0730841389769397
"Garvin County, Oklahoma",2.0777860967335955,1.1050347946271981
"Kay County, Oklahoma",2.2332183018918026,1.137274317798091
"Logan County, Oklahoma",1.902568824409605,1.0771176333994252
"Mayes County, Oklahoma",2.1320823833817055,1.1294413558358545
"McClain County, Oklahoma",1.2854091790722435,1.1366665040592063
"McCurtain County, Oklahoma",1.8335643418008627,1.0907716486434667
"McIntosh County, Oklahoma",2.3521580450493476,0.960264500792218
"Muskogee County, Oklahoma",2.1879445246240987,1.1657847298558994
"Noble County, Oklahoma",2.3897316235486947,1.0738317254165481
"Nowata County, Oklahoma",3.4738706849511445,1.1238215472545052
"Oklahoma County, Oklahoma",3.4866643850250347,1.219189503804296
"Okmulgee County, Oklahoma",2.6034824246329027,1.138787172662064
"Pittsburg County, Oklahoma",2.2942592617911273,1.1000770125605075
"Seminole County, Oklahoma",1.624821840283804,1.103878860596824
"Sequoyah County, Oklahoma",1.849389126047363,1.1357674732033038
"Texas County, Oklahoma",1.6620315358069444,1.0852474872155862
"Tulsa County, Oklahoma",0.9761790926271822,1.1902933344463789
"Benton County, Oregon",2.212809218543298,1.1155931965610721
"Clackamas County, Oregon",2.346338357662321,1.1656837394169526
"Deschutes County, Oregon",2.8433200304674426,1.1143953316780153
"Douglas County, Oregon",1.1971762980658172,1.0792596005053317
"Jackson County, Oregon",1.4401359422427473,1.1047879240906302
"Josephine County, Oregon",2.090700779908446,1.1407018736292642
"Klamath County, Oregon",1.0488687541407236,1.0806981840538077
"Lane County, Oregon",2.5645820030568696,1.130209695626566
"Linn County, Oregon",8.401331619039084,1.0722882099629363
"Malheur County, Oregon",2.105918745708494,1.0529593728542472
"Marion County, Oregon",1.6329178478277027,1.1946531655203423
"Morrow County, Oregon",1.662261251225631,1.0729636966176652
"Multnomah County, Oregon",1.397799745323977,1.2210062452655464
"Sherman County, Oregon",1.9999999999999996,1.0
"Umatilla County, Oregon",2.1066955255308324,1.049817578754209
"Union County, Oregon",1.6308540826570541,1.0479228213807772
"Washington County, Oregon",1.8492117493773206,1.1477877057954067
"Allegheny County, Pennsylvania",5.952307899986351,1.2419289106904037
"Beaver County, Pennsylvania",1.9714490228755417,1.2214709256755967
"Bedford County, Pennsylvania",3.5777775627396555,1.0493269862992463
"Berks County, Pennsylvania",3.8200086975963603,1.2762865480757852
"Blair County, Pennsylvania",3.052799587850621,1.084684135395267
"Bucks County, Pennsylvania",2.9139669634229763,1.2457389499862552
"Butler County, Pennsylvania",4.8959793789207495,1.2226497646641334
"Centre County, Pennsylvania",2.8480566209444773,1.1905611281763626
"Chester County, Pennsylvania",3.7896921777047625,1.2163613526250765
"Clearfield County, Pennsylvania",2.4024705434584908,1.0921801182529054
"Clinton County, Pennsylvania",1.8290370111394463,1.1882002606824598
"Columbia County, Pennsylvania",1.4787672985293867,1.2241319656030603
"Cumberland County, Pennsylvania",4.697699608945254,1.115038382077792
"Dauphin County, Pennsylvania",3.968612185649096,1.2734598969300042
"Delaware County, Pennsylvania",1.2023653773723904,1.243323014281667
"Erie County, Pennsylvania",2.465639798675948,1.1487992755065124
"Franklin County, Pennsylvania",1.9109738131383032,1.1945426507003403
"Fulton County, Pennsylvania",1.9999999999999996,1.0
"Jefferson County, Pennsylvania",1.9999999999999998,1.0
"Lackawanna County, Pennsylvania",4.0008745740792815,1.2362618192949248
"Lancaster County, Pennsylvania",3.021158670384579,1.3218743929577084
"Lebanon County, Pennsylvania",1.617558982322727,1.2681343448676137
"Lehigh County, Pennsylvania",1.5630843944650907,1.3548494959090136
"Luzerne County, Pennsylvania",1.177533713440775,1.3543626696300477
"Lycoming County, Pennsylvania",2.2186340072285695,1.156591589407199
"Monroe County, Pennsylvania",1.9863074556179823,1.2288497839891808
"Montgomery County, Pennsylvania",5.404604608110548,1.2074764752353038
"Northampton County, Pennsylvania",1.1953436996440343,1.2996568080731785
"Northumberland County, Pennsylvania",1.4921203978237425,1.2661799976946184
"Philadelphia County, Pennsylvania",2.1950622093165646,1.333103194850498
"Schuylkill County, Pennsylvania",3.8299209606688858,1.2527549047016595
"Somerset County, Pennsylvania",2.161877528578772,1.0811836574632683
"Susquehanna County, Pennsylvania",1.3185686172096998,1.184907288846246
"Venango County, Pennsylvania",2.4346738571899404,1.098382404563227
"Washington County, Pennsylvania",1.7837190459435068,1.1588484132949533
"Westmoreland County, Pennsylvania",4.382924165711665,1.2274551281102621
"York County, Pennsylvania",4.415472038606878,1.220505732013718
"Kent County, Rhode Island",8.028385942807718,1.2425455798686378
"Newport County, Rhode Island",8.798165179759609,1.1524994032831388
"Providence County, Rhode Island",44.40437306667496,1.2556083522403065
"Washington County, Rhode Island",9.127590586777167,1.1790057233776823
"Aiken County, South Carolina",1.7459722522770957,1.1862591421606568
"Anderson County, South Carolina",3.277115050391622,1.1606813216383196
"Beaufort County, South Carolina",3.8212677218974753,1.1833789263448944
"Berkeley County, South Carolina",2.491289230552559,1.1969735325455348
"Calhoun County, South Carolina",1.4885460547450917,1.0644379879592274
"Charleston County, South Carolina",0.8036886830069181,1.2157403164677307
"Cherokee County, South Carolina",1.9718830073002125,1.1857994266186407
"Chester County, South Carolina",1.3548325823473488,1.1704667152578159
"Clarendon County, South Carolina",2.1125323591225165,1.2189439014924204
"Colleton County, South Carolina",1.7582938020444936,1.1304078751721403
"Dillon County, South Carolina",1.8846357479837608,1.0099512906181165
"Dorchester County, South Carolina",1.6445532917889947,1.2111571398844556
"Fairfield County, South Carolina",1.4507494473259144,1.1144303893813428
"Florence County, South Carolina",2.40272059488021,1.1884123443074452
"Greenville County, South Carolina",3.9169933652428,1.2122638693906547
"Hampton County, South Carolina",1.7489705444423354,1.1999040492281188
"Horry County, South Carolina",4.552037464186637,1.141322722975977
"Jasper County, South Carolina",1.8888157701666566,1.1137336129537498
"Kershaw County, South Carolina",4.530054452546143,1.1309757976014456
"Laurens County, South Carolina",3.3613977278747473,1.093123990821076
"Lee County, South Carolina",1.3975960735237887,1.1396509259176737
"Lexington County, South Carolina",2.7436122569578325,1.1830106617890201
"Newberry County, South Carolina",1.4244992116805266,1.1103770006784859
"Orangeburg County, South Carolina",5.054653162807271,1.1185864981480216
"Richland County, South Carolina",8.715041374599721,1.2075607879639816
"Spartanburg County, South Carolina",0.7500989413737463,1.172699720792157
"Sumter County, South Carolina",3.4024141628951967,1.2251417587638616
"York County, South Carolina",2.1624130959020853,1.22386124220383
"Codington County, South Dakota",1.7304127738337145,1.1448880893260855
"Minnehaha County, South Dakota",1.7432726072529068,1.1626221992980754
"Pennington County, South Dakota",2.306453228501855,1.0900193907914053
"Roberts County, South Dakota",2.1909291732347476,1.1218421632457907
"Union County, South Dakota",1.847679190480101,1.0758630955741633
"Benton County, Tennessee",3.2083292691872662,1.0443731267606233
"Blount County, Tennessee",1.8353943815570704,1.2048511355762626
"Bradley County, Tennessee",2.1099172522663254,1.1585872837684994
"Campbell County, Tennessee",1.7559790287855168,1.0607092818392705
"Cheatham County, Tennessee",2.9553058559224654,1.0914094902752147
"Cocke County, Tennessee",1.7889043489696825,1.019852138009933
"Coffee County, Tennessee",1.6770953731341889,1.188142818997844
"Cumberland County, Tennessee",2.129612525764181,1.155385838441028
"Davidson County, Tennessee",4.3457762591971365,1.2277824824360701
"Dickson County, Tennessee",3.9355264236037946,1.1208997395102336
"Dyer County, Tennessee",1.9430374829803572,1.0896310532767415
"Fayette County, Tennessee",2.686991214536333,1.1411308966203533
"Giles County, Tennessee",3.2083203057169105,1.0320082797342096
"Greene County, Tennessee",3.0402540128497835,1.1227046953896007
"Hamilton County, Tennessee",1.5676184551647159,1.1912947146497552
"Jefferson County, Tennessee",1.6135716940328035,1.0777900329226102
"Knox County, Tennessee",1.2725086672966746,1.2087596542819679
"Loudon County, Tennessee",2.977873190311797,1.116652345508211
"Madison County, Tennessee",1.9110774605467296,1.2267837290733217
"Marion County, Tennessee",1.6893384630293216,1.1770386730317177
"Marshall County, Tennessee",1.8096295606874435,1.2220433052484216
"Maury County, Tennessee",2.7526121336784457,1.145895803728687
"McMinn County, Tennessee",2.8234042848761574,1.0276082151483081
"McNairy County, Tennessee",1.6910685472888887,1.1600165666342683
"Montgomery County, Tennessee",2.5126117869192335,1.190326674538577
"Putnam County, Tennessee",5.663133750754943,1.1760383582286655
"Robertson County, Tennessee",2.972593511042793,1.1825599219514218
"Rutherford County, Tennessee",1.2045470478491223,1.2353772726455043
"Shelby County, Tennessee",1.2746757879659665,1.268814537216609
"Smith County, Tennessee",1.9094367648581954,1.0834362847466394
"Sullivan County, Tennessee",1.0142844900735788,1.1191192946192032
"Washington County, Tennessee",3.173066353411761,1.1327952741280543
"Williamson County, Tennessee",2.574148604280404,1.1642171245251807
"Wilson County, Tennessee",3.119828260112474,1.216474470018275
"Andrews County, Texas",1.0667459257778749,1.2700328876793239
"Angelina County, Texas",2.158002270592352,1.1742599373872793
"Atascosa County, Texas",2.5152359282894645,1.0445285523524814
"Bell County, Texas",1.574473051841365,1.1777867865430345
"Bexar County, Texas",2.094858786252861,1.0994758082879144
"Bowie County, Texas",1.0079614921917106,1.1496024255486423
"Brazoria County, Texas",2.9795695722430415,1.197883240665565
"Brazos County, Texas",4.6666987381034,1.1700549553892896
"Caldwell County, Texas",1.5800301196156012,1.120075366766478
"Callahan County, Texas",1.9999999999999998,1.0
"Cameron County, Texas",2.8529374789125104,1.2069520114787047
"Cass County, Texas",1.6167291495568814,1.0732346895414675
"Chambers County, Texas",2.4818106464719065,1.1568460302700379
"Clay County, Texas",1.8517494245745805,1.1224620483093728
"Collin County, Texas",3.3931060207879082,1.1854856681219892
"Colorado County, Texas",3.159859784410024,1.0564547730495268
"Comal County, Texas",5.742045261717519,1.1128431355653112
"Cooke County, Texas",1.0,1.0
"Dallas County, Texas",6.587173169041503,1.2283655219414618
"Deaf Smith County, Texas",1.859852276577634,1.07451689526317
"Denton County, Texas",4.417100416654226,1.241637377202406
"Donley County, Texas",7.999999999999998,1.0
"Eastland County, Texas",3.3488211058255746,1.0166362799988844
"Ector County, Texas",4.986939191868114,1.2273559218461862
"El Paso County, Texas",1.8354217473049725,1.1965525481011203
"Ellis County, Texas",2.644018187160911,1.1436074508281728
"Fayette County, Texas",1.387168090159218,1.2052588964998576
"Fort Bend County, Texas",2.376148735192192,1.160984002040116
"Franklin County, Texas",2.0000000000000004,1.0
"Frio County, Texas",1.9999999999999998,0.9999999999999999
"Galveston County, Texas",1.6103248415500875,1.2429155137174854
"Guadalupe County, Texas",6.5659628014164495,1.1463485431245868
"Hall County, Texas",1.0,1.0
"Harris County, Texas",2.804632698941081,1.2238554422233388
"Hays County, Texas",1.916856711267164,1.1612609975029209
"Hidalgo County, Texas",5.754823936667357,1.259262013740616
"Hill County, Texas",2.3048459881282892,1.135252919181496
"Hopkins County, Texas",1.9150335642242815,1.0792075909220336
"Hunt County, Texas",1.6997980662575258,1.1536156730162002
"Jackson County, Texas",1.6531093313313512,1.0872587938710716
"Jefferson County, Texas",6.634627136822557,1.1857900419118839
"Karnes County, Texas",2.3049522684371007,1.0264082931128986
"Kaufman County, Texas",2.2059176952919204,1.1513925367714541
"Kendall County, Texas",4.981665709865133,1.0640453739361795
"Kleberg County, Texas",1.9588432062116035,1.0478960955865566
"Lamar County, Texas",2.1784773059880305,1.0940813463419221
"Leon County, Texas",2.3608442077961405,1.0337308247152914
"Liberty County, Texas",1.7402680529846535,1.1501080136648312
"Live Oak County, Texas",2.8149307765560043,1.062467375209595
"Lubbock County, Texas",3.4464034432588693,1.2195267910694516
"Maverick County, Texas",1.4258632179689203,1.1319320764545926
"McLennan County, Texas",11.315444216457344,1.096002322861003
"Medina County, Texas",1.589569546808377,1.0734777082283753
"Midland County, Texas",2.1250805420181353,1.1781349147262572
"Montgomery County, Texas",1.238807973764548,1.204394760398949
"Moore County, Texas",2.20336236890836,1.2005007988951413
"Nacogdoches County, Texas",1.5351258071264011,1.2424202655029728
"Navarro County, Texas",2.0663918134901857,1.1491265110932198
"Nueces County, Texas",8.33125414833383,1.166416993579363
"Oldham County, Texas",1.8162008423179261,1.04112105722783
"Orange County, Texas",1.4607283348745501,1.243592495593035
"Palo Pinto County, Texas",1.659710682572884,1.1218434677642308
"Panola County, Texas",4.212799935764554,1.0594630943592953
"Parker County, Texas",2.62867267044934,1.0784963667511431
"Pecos County, Texas",2.0,1.0
"Polk County, Texas",2.7979936565514083,1.1442766871191432
"Potter County, Texas",1.578488517184074,1.2084002060279022
"Robertson County, Texas",2.335387796469388,1.0235271132581683
"Rockwall County, Texas",3.669917575990401,1.1169188634302953
"San Patricio County, Texas",1.4440496388225441,1.1263257100567494
"Smith County, Texas",3.598364956981399,1.1316396162078992
"Tarrant County, Texas",2.3179639282126905,1.2294075667042645
"Taylor County, Texas",3.9391700386607,1.2166095040102136
"Travis County, Texas",5.961742077459256,1.2153517416939819
"Van Zandt County, Texas",1.3942480983670775,1.0801613554292526
"Victoria County, Texas",2.5287066031416408,1.2370845237068766
"Walker County, Texas",2.350618303012601,1.153968729915122
"Waller County, Texas",3.726753585206828,1.1298387026230619
"Webb County, Texas",1.852646600352512,1.2453576684979784
"Wharton County, Texas",3.6617236510400275,1.113801881033969
"Wichita County, Texas",3.027629133198107,1.16699387497293
"Williamson County, Texas",7.788398523758359,1.1367622967816853
"Wise County, Texas",2.6556976559782117,1.0583510059216936
"Box Elder County, Utah",1.5039637684320848,1.1164804305934914
"Cache County, Utah",2.174321405229957,1.1215852013817846
"Davis County, Utah",1.2220316729862837,1.1755345182070864
"Iron County, Utah",2.033702382245146,1.1434751697756407
"Juab County, Utah",1.942907159321307,1.0907716486434667
"Salt Lake County, Utah",0.6155327511834466,1.1926631621234263
"Summit County, Utah",12.16807067689866,1.1561804880993787
"Tooele County, Utah",1.724708149525902,1.12886945843723
"Utah County, Utah",1.8309256638412108,1.2472278682228872
"Washington County, Utah",1.044465265149924,1.1021020356440445
"Weber County, Utah",1.3736879394698425,1.1608570326754846
"Chittenden County, Vermont",2.2205999155221052,1.2190124271587004
"Grand Isle County, Vermont",1.781797436280678,1.414213562373095
"Lamoille County, Vermont",7.021964271930821,1.0892427482275209
"Orange County, Vermont",2.643287553821625,1.0366865039420676
"Rutland County, Vermont",2.627630255205365,1.1413984738868113
"Washington County, Vermont",1.5045777280735078,1.1306909631379696
"Windsor County, Vermont",4.161372368093174,1.087757055531225
"Albemarle County, Virginia",3.0359525661707867,1.175533152671325
"Alleghany County, Virginia",2.0420215295005613,1.0464115352234284
"Arlington County, Virginia",4.776985657281008,1.1616788415676615
"Augusta County, Virginia",2.7588845762532976,1.2671250149495374
"Botetourt County, Virginia",1.2579893743777868,1.1652876788510036
"Brunswick County, Virginia",2.0,1.0
"Caroline County, Virginia",1.6434524254144445,1.216950347373543
"Carroll County, Virginia",1.7172447593796405,1.0696124638259115
"Chesterfield County, Virginia",2.164658402429804,1.1846097195829757
"Fairfax County, Virginia",2.4769278923226414,1.1987092273808013
"Frederick County, Virginia",3.7142819140223744,1.205233918323695
"Greensville County, Virginia",2.9832986680456313,1.0801590852507506
"Hanover County, Virginia",1.142002678320767,1.1035655751679978
"Henrico County, Virginia",2.9180542883434684,1.2416759459735147
"King George County, Virginia",2.0358733065607613,1.1554476563282252
"Loudoun County, Virginia",2.305261293852039,1.1788221079812993
"Mecklenburg County, Virginia",1.9722356502126734,1.1233602676216872
"Montgomery County, Virginia",1.1737338473102448,1.248277208798126
"New Kent County, Virginia",1.5394028744713866,1.2243711161303703
"Prince George County, Virginia",2.8565148093839716,1.188298891805553
"Prince William County, Virginia",2.553237879871769,1.1986633886615634
"Rockbridge County, Virginia",1.952278066166179,1.0497731986690597
"Rockingham County, Virginia",2.6509775996158753,1.1293401205185545
"Shenandoah County, Virginia",3.7314119101482284,1.1105956791948088
"Smyth County, Virginia",1.88347535939376,1.1231784488994103
"Sussex County, Virginia",2.0696439727907525,1.18884190580029
"Washington County, Virginia",1.5583484584617178,1.1536709662247455
"Wythe County, Virginia",1.7924930402515518,1.1158320386567508
"Adams County, Washington",2.2237144924732792,1.1990554424208608
"Benton County, Washington",3.7882579573659614,1.2399631760916594
"Chelan County, Washington",1.1173419039497998,1.1036609431635855
"Clallam County, Washington",3.021562927840724,1.0725423939823866
"Clark County, Washington",1.0802990391365668,1.1826409630136139
"Cowlitz County, Washington",3.345542571006285,1.1201720716817039
"Douglas County, Washington",3.038804173680832,1.0975928229041307
"Franklin County, Washington",1.5618314031713036,1.214531467929748
"Grant County, Washington",3.6314121917696305,1.157468352189691
"Grays Harbor County, Washington",1.3892098656013718,1.0479319424370968
"Island County, Washington",4.689032032248708,1.1529181554605261
"Jefferson County, Washington",1.514638301109833,1.0974085690832498
"King County, Washington",19.409739561512037,1.1640601436173599
"Kitsap County, Washington",2.2793768620890447,1.150659168858417
"Kittitas County, Washington",2.3186785096694167,1.0619058876096765
"Lewis County, Washington",1.693508194385805,1.1124214684018587
"Pierce County, Washington",6.326566255873673,1.1750010164182845
"San Juan County, Washington",1.7761142874090583,1.1089719379564216
"Skagit County, Washington",3.4457941304500297,1.1720958150154444
"Snohomish County, Washington",0.8444347815569769,1.1745888699919969
"Spokane County, Washington",1.770359539245305,1.1149302584240235
"Thurston County, Washington",2.704261112606135,1.1410067594378686
"Walla Walla County, Washington",1.1178010238485223,1.065569434811585
"Whatcom County, Washington",1.997460792245701,1.2073908372194135
"Yakima County, Washington",3.011539132780989,1.2204570426083474
"Berkeley County, West Virginia",3.7998881686641695,1.2333393444119805
"Braxton County, West Virginia",1.9999999999999998,0.9999999999999999
"Cabell County, West Virginia",1.5467930284393185,1.243695103966874
"Harrison County, West Virginia",3.952814873698015,1.1533411786337264
"Jackson County, West Virginia",2.1430734253392574,1.1353562020714818
"Kanawha County, West Virginia",2.984614496441241,1.2013030967038665
"Mercer County, West Virginia",2.0238043000978037,1.0486565517241861
"Monongalia County, West Virginia",3.21559689061824,1.1874544092885668
"Ohio County, West Virginia",3.961220178374245,1.133566831324432
"Putnam County, West Virginia",1.8586643757134513,1.1025058988427943
"Raleigh County, West Virginia",3.0124047954530306,1.0467490776851485
"Brown County, Wisconsin",1.8774461765646082,1.1600723183084458
"Columbia County, Wisconsin",4.3164226295208135,1.0910932362607049
"Dane County, Wisconsin",0.5290419050637815,1.1275302201878992
"Dunn County, Wisconsin",1.6667326519643049,1.0803852046392621
"Eau Claire County, Wisconsin",2.809903603048029,1.121307929479846
"Fond du Lac County, Wisconsin",6.052768682052895,1.078549257146662
"Jackson County, Wisconsin",2.5039249781993997,1.1003443078752173
"Jefferson County, Wisconsin",2.78441047101617,1.115324461819141
"Juneau County, Wisconsin",2.4703359960355638,1.0765520435834794
"Kenosha County, Wisconsin",4.237317251083737,1.1760549209385023
"La Crosse County, Wisconsin",4.188455279411511,1.1023570980250639
"Milwaukee County, Wisconsin",13.71538493117004,1.2288271386600642
"Monroe County, Wisconsin",1.6064498943914964,1.1134055824319906
"Outagamie County, Wisconsin",1.5183345008694615,1.1366602870775262
"Racine County, Wisconsin",1.3494128916490968,1.1710452638130975
"Rock County, Wisconsin",3.0370432470328064,1.1567513573356825
"Sauk County, Wisconsin",2.963000221449918,1.1198011918827862
"Sheboygan County, Wisconsin",3.299106787634113,1.0835547662283438
"St. Croix County, Wisconsin",3.321828691311192,1.0536619128049995
"Washington County, Wisconsin",5.4370522196206,1.1458621807112452
"Waukesha County, Wisconsin",2.6128221086185404,1.1865207060612932
"Winnebago County, Wisconsin",2.6408995727961475,1.0963776480390517
"Albany County, Wyoming",1.8408679624109412,1.0852752474093061
"Campbell County, Wyoming",1.3566125674723748,1.106059109801982
"Carbon County, Wyoming",2.791534789726042,1.037977522507444
"Converse County, Wyoming",1.9669113595624075,1.0916094691852176
"Laramie County, Wyoming",3.9795684229669126,1.1362611719519402
"Natrona County, Wyoming",2.3171833917036206,1.156005880699673
"Sweetwater County, Wyoming",1.6469824800589918,1.099573679579388
"Teton County, Wyoming",2.067392392283077,1.1772707268588023
"Uinta County, Wyoming",2.0820424513111067,1.1209668088811844
