reaction_time,growth_rate log curve,gr mean smoothed
-45.0,1.0700000001186900,
-44.9,1.070000000123840,
-44.8,1.0700000001292200,
-44.700000000000000,1.0700000001348300,
-44.600000000000000,1.0700000001406800,
-44.50000000000000,1.0700000001467900,
-44.40000000000000,1.070000000153160,
-44.30000000000000,1.0700000001598100,
-44.20000000000000,1.070000000166750,
-44.10000000000000,1.0700000001739900,
-44.000000000000000,1.0700000001815400,
-43.900000000000000,1.0700000001894300,
-43.80000000000000,1.07000000019765,
-43.70000000000000,1.0700000002062300,
-43.60000000000000,1.0700000002151800,
-43.50000000000000,1.0700000002245300,
-43.40000000000000,1.0700000002342700,
-43.300000000000000,1.0700000002444500,
-43.200000000000000,1.0700000002550600,
-43.10000000000000,1.0700000002661300,
-43.00000000000000,1.0700000002776900,
-42.90000000000000,1.0700000002897400,
-42.80000000000000,1.0700000003023200,
-42.70000000000000,1.070000000315450,
-42.600000000000000,1.070000000329140,
-42.500000000000000,1.0700000003434300,
-42.40000000000000,1.0700000003583400,
-42.30000000000000,1.0700000003739000,
-42.20000000000000,1.070000000390130,
-42.10000000000000,1.0700000004070700,
-42.00000000000000,1.0700000004247400,
-41.900000000000000,1.0700000004431800,
-41.800000000000000,1.0700000004624200,
-41.70000000000000,1.0700000004825000,
-41.60000000000000,1.0700000005034500,
-41.50000000000000,1.0700000005253000,
-41.40000000000000,1.0700000005481100,
-41.30000000000000,1.070000000571910,
-41.199999999999900,1.0700000005967400,
-41.099999999999900,1.0700000006226400,
-40.99999999999990,1.0700000006496700,
-40.89999999999990,1.0700000006778800,
-40.79999999999990,1.0700000007073100,
-40.69999999999990,1.0700000007380200,
-40.59999999999990,1.0700000007700600,
-40.499999999999900,1.0700000008034900,
-40.399999999999900,1.0700000008383800,
-40.29999999999990,1.070000000874770,
-40.19999999999990,1.0700000009127500,
-40.09999999999990,1.0700000009523800,
-39.99999999999990,1.0700000009937300,
-39.89999999999990,1.0700000010368700,
-39.799999999999900,1.070000001081890,
-39.699999999999900,1.0700000011288600,
-39.59999999999990,1.0700000011778700,
-39.49999999999990,1.0700000012290000,
-39.39999999999990,1.07000000128236,
-39.29999999999990,1.070000001338030,
-39.19999999999990,1.0700000013961200,
-39.099999999999900,1.0700000014567400,
-38.999999999999900,1.0700000015199800,
-38.89999999999990,1.0700000015859700,
-38.79999999999990,1.0700000016548300,
-38.69999999999990,1.0700000017266700,
-38.59999999999990,1.0700000018016400,
-38.49999999999990,1.070000001879850,
-38.399999999999900,1.0700000019614700,
-38.299999999999900,1.0700000020466300,
-38.1999999999999,1.0700000021354800,
-38.0999999999999,1.070000002228190,
-37.9999999999999,1.0700000023249300,
-37.8999999999999,1.0700000024258700,
-37.7999999999999,1.0700000025311900,
-37.699999999999900,1.0700000026410800,
-37.599999999999900,1.07000000275574,
-37.49999999999990,1.0700000028753800,
-37.39999999999990,1.0700000030002200,
-37.29999999999990,1.0700000031304700,
-37.19999999999990,1.0700000032663800,
-37.09999999999990,1.0700000034081900,
-36.999999999999900,1.0700000035561600,
-36.899999999999900,1.0700000037105500,
-36.79999999999990,1.0700000038716400,
-36.69999999999990,1.07000000403973,
-36.59999999999990,1.0700000042151200,
-36.49999999999990,1.070000004398120,
-36.39999999999990,1.0700000045890600,
-36.299999999999900,1.0700000047882900,
-36.199999999999900,1.0700000049961800,
-36.09999999999990,1.0700000052130900,
-35.99999999999990,1.0700000054394200,
-35.89999999999990,1.070000005675570,
-35.79999999999990,1.0700000059219700,
-35.69999999999990,1.0700000061790800,
-35.599999999999900,1.0700000064473400,
-35.499999999999900,1.070000006727250,
-35.399999999999900,1.0700000070193200,
-35.29999999999990,1.070000007324060,
-35.19999999999990,1.070000007642040,
-35.09999999999990,1.070000007973820,
-34.99999999999990,1.070000008320000,
-34.89999999999990,1.070000008681220,
-34.799999999999900,1.0700000090581100,
-34.699999999999900,1.0700000094513700,
-34.59999999999990,1.0700000098617000,
-34.49999999999990,1.0700000102898500,
-34.39999999999990,1.0700000107365900,
-34.29999999999990,1.0700000112027200,
-34.19999999999990,1.0700000116890800,
-34.099999999999800,1.0700000121965700,
-33.999999999999800,1.0700000127260800,1.0827
-33.89999999999980,1.0700000132785800,
-33.79999999999980,1.0700000138550800,
-33.69999999999980,1.0700000144566000,
-33.59999999999980,1.0700000150842300,
-33.49999999999980,1.0700000157391100,
-33.399999999999800,1.070000016422430,
-33.299999999999800,1.0700000171354100,
-33.19999999999980,1.0700000178793500,
-33.09999999999980,1.0700000186555800,
-32.99999999999980,1.0700000194655100,
-32.89999999999980,1.0700000203106100,
-32.79999999999980,1.070000021192400,
-32.699999999999800,1.0700000221124700,
-32.599999999999800,1.0700000230724800,
-32.49999999999980,1.070000024074180,
-32.39999999999980,1.0700000251193600,
-32.29999999999980,1.0700000262099200,
-32.19999999999980,1.070000027347830,
-32.09999999999980,1.070000028535140,
-31.999999999999800,1.0700000297739900,1.078477
-31.899999999999800,1.0700000310666300,
-31.799999999999800,1.0700000324153900,
-31.69999999999980,1.0700000338227100,
-31.59999999999980,1.0700000352911300,
-31.499999999999800,1.070000036823300,
-31.399999999999800,1.070000038421980,
-31.299999999999800,1.0700000400900800,
-31.199999999999800,1.070000041830590,
-31.099999999999800,1.0700000436466700,
-30.9999999999998,1.070000045541600,
-30.8999999999998,1.0700000475187900,
-30.799999999999800,1.0700000495818200,
-30.699999999999800,1.070000051734420,
-30.599999999999800,1.0700000539804800,
-30.499999999999800,1.0700000563240400,
-30.399999999999800,1.0700000587693600,
-30.29999999999980,1.0700000613208300,
-30.19999999999980,1.070000063983080,
-30.09999999999980,1.070000066760920,
-29.999999999999800,1.0700000696593500,1.078017
-29.899999999999800,1.0700000726836100,
-29.799999999999800,1.0700000758391800,
-29.699999999999800,1.0700000791317400,
-29.59999999999980,1.0700000825672500,
-29.49999999999980,1.0700000861519200,
-29.39999999999980,1.0700000898922100,
-29.299999999999800,1.0700000937948900,
-29.199999999999800,1.0700000978670000,
-29.099999999999800,1.0700001021159,
-28.999999999999800,1.0700001065492700,
-28.89999999999980,1.0700001111751100,
-28.79999999999980,1.0700001160017900,
-28.69999999999980,1.0700001210380100,
-28.599999999999800,1.0700001262928800,
-28.499999999999800,1.0700001317759000,
-28.399999999999800,1.0700001374969600,
-28.299999999999800,1.0700001434663900,
-28.19999999999980,1.0700001496949900,
-28.09999999999980,1.0700001561940100,
-27.99999999999980,1.0700001629751800,1.080849
-27.899999999999800,1.0700001700507500,
-27.799999999999800,1.0700001774335100,
-27.699999999999800,1.0700001851368000,
-27.599999999999800,1.0700001931745200,
-27.49999999999980,1.0700002015611900,
-27.39999999999980,1.0700002103119800,
-27.29999999999980,1.070000219442670,
-27.199999999999700,1.0700002289697800,
-27.099999999999700,1.0700002389105100,
-26.999999999999700,1.0700002492828100,
-26.899999999999700,1.0700002601054200,
-26.79999999999970,1.0700002713979000,
-26.69999999999970,1.070000283180630,
-26.59999999999970,1.0700002954749200,
-26.499999999999700,1.0700003083029500,
-26.399999999999700,1.0700003216879200,
-26.299999999999700,1.070000335653990,
-26.199999999999700,1.070000350226390,
-26.09999999999970,1.0700003654314600,
-25.99999999999970,1.0700003812966400,
-25.89999999999970,1.0700003978506100,
-25.799999999999700,1.0700004151232700,
-25.699999999999700,1.0700004331458200,
-25.599999999999700,1.0700004519508100,
-25.499999999999700,1.0700004715722100,
-25.39999999999970,1.0700004920454700,
-25.29999999999970,1.070000513407570,
-25.19999999999970,1.0700005356970900,
-25.099999999999700,1.0700005589543100,
-24.999999999999700,1.0700005832212300,
-24.899999999999700,1.0700006085416900,
-24.799999999999700,1.0700006349614300,
-24.69999999999970,1.0700006625281600,
-24.59999999999970,1.0700006912917000,
-24.49999999999970,1.0700007213039800,
-24.399999999999700,1.0700007526192400,
-24.299999999999700,1.0700007852940200,
-24.199999999999700,1.0700008193873700,
-24.099999999999700,1.0700008549608500,
-23.9999999999997,1.070000892078740,
-23.8999999999997,1.0700009308080700,
-23.7999999999997,1.0700009712188100,
-23.699999999999700,1.070001013383950,
-23.599999999999700,1.0700010573796500,
-23.499999999999700,1.0700011032853900,
-23.399999999999700,1.0700011511840900,
-23.29999999999970,1.0700012011622600,
-23.19999999999970,1.0700012533101900,
-23.09999999999970,1.070001307722060,
-22.999999999999700,1.0700013644961700,
-22.899999999999700,1.0700014237350600,
-22.799999999999700,1.0700014855457400,
-22.699999999999700,1.0700015500398500,
-22.59999999999970,1.0700016173338900,
-22.49999999999970,1.0700016875494100,
-22.39999999999970,1.0700017608132400,
-22.299999999999700,1.0700018372577000,
-22.199999999999700,1.0700019170208900,
-22.099999999999700,1.0700020002468600,
-21.999999999999700,1.0700020870859400,
-21.89999999999970,1.0700021776949900,
-21.79999999999970,1.07000227223766,
-21.69999999999970,1.0700023708847100,
-21.599999999999700,1.0700024738143300,
-21.499999999999700,1.0700025812124100,
-21.399999999999700,1.07000269327294,
-21.299999999999700,1.0700028101983100,
-21.199999999999700,1.0700029321997200,
-21.09999999999970,1.0700030594975000,
-20.99999999999970,1.0700031923215700,
-20.899999999999700,1.07000333091183,
-20.799999999999700,1.0700034755185800,
-20.699999999999700,1.0700036264029900,
-20.599999999999700,1.0700037838375600,
-20.499999999999700,1.0700039481066300,
-20.39999999999970,1.070004119506860,
-20.29999999999970,1.0700042983478100,
-20.199999999999600,1.0700044849524600,
-20.099999999999600,1.0700046796578100,
-19.999999999999600,1.0700048828154800,1.086499
-19.899999999999600,1.0700050947923600,
-19.799999999999600,1.0700053159712500,
-19.69999999999960,1.0700055467515700,
-19.59999999999960,1.0700057875500800,
-19.499999999999600,1.0700060388016100,
-19.399999999999600,1.0700063009598700,
-19.299999999999600,1.0700065744982400,
-19.199999999999600,1.070006859910680,
-19.099999999999600,1.0700071577125400,
-18.99999999999960,1.0700074684415500,
-18.89999999999960,1.0700077926587800,
-18.799999999999600,1.0700081309496300,
-18.699999999999600,1.0700084839249000,
-18.599999999999600,1.0700088522218900,
-18.499999999999600,1.0700092365055600,
-18.399999999999600,1.0700096374697100,
-18.29999999999960,1.070010055838230,
-18.19999999999960,1.0700104923664200,
-18.099999999999600,1.070010947842350,
-17.999999999999600,1.0700114230882600,
-17.899999999999600,1.0700119189620600,
-17.799999999999600,1.070012436358880,
-17.699999999999600,1.0700129762126600,
-17.59999999999960,1.0700135394978500,
-17.49999999999960,1.0700141272311600,
-17.399999999999600,1.0700147404733900,
-17.299999999999600,1.0700153803313400,
-17.199999999999600,1.0700160479598100,
-17.099999999999600,1.0700167445636400,
-16.999999999999600,1.0700174713999500,1.094492
-16.8999999999996,1.070018229780340,
-16.7999999999996,1.0700190210732500,
-16.699999999999600,1.0700198467064900,
-16.599999999999600,1.0700207081697000,
-16.499999999999600,1.0700216070171400,
-16.399999999999600,1.0700225448703800,
-16.299999999999600,1.0700235234213100,
-16.19999999999960,1.0700245444350900,
-16.09999999999960,1.0700256097534000,
-15.999999999999600,1.0700267212976800,
-15.899999999999600,1.0700278810726400,
-15.799999999999600,1.0700290911698000,
-15.699999999999600,1.0700303537712900,
-15.599999999999600,1.070031671153730,
-15.49999999999960,1.0700330456923400,
-15.39999999999960,1.0700344798651900,
-15.299999999999600,1.070035976257610,
-15.199999999999600,1.0700375375668600,
-15.099999999999600,1.070039166606960,
-14.999999999999600,1.0700408663137000,
-14.899999999999600,1.0700426397499100,
-14.79999999999960,1.0700444901109200,
-14.69999999999960,1.0700464207303200,
-14.599999999999600,1.0700484350858600,
-14.499999999999600,1.0700505368056800,
-14.399999999999600,1.070052729674810,
-14.299999999999600,1.0700550176419100,
-14.199999999999600,1.0700574048263000,
-14.09999999999960,1.0700598955252900,
-13.99999999999960,1.0700624942219000,
-13.899999999999600,1.0700652055927500,
-13.799999999999600,1.0700680345164700,
-13.699999999999600,1.070070986082290,
-13.599999999999600,1.0700740655991500,
-13.499999999999600,1.070077278605080,
-13.399999999999600,1.0700806308770500,
-13.29999999999960,1.0700841284412100,
-13.199999999999500,1.0700877775835300,
-13.099999999999500,1.070091584860970,
-12.999999999999500,1.0700955571130400,
-12.899999999999500,1.0700997014739100,
-12.799999999999500,1.0701040253849500,
-12.699999999999500,1.0701085366079100,
-12.59999999999950,1.0701132432385400,
-12.499999999999500,1.070118153720840,
-12.399999999999500,1.0701232768619200,
-12.299999999999500,1.0701286218474200,
-12.199999999999500,1.07013419825762,
-12.099999999999500,1.0701400160842200,
-11.999999999999500,1.0701460857477800,
-11.89999999999950,1.0701524181159300,
-11.799999999999500,1.0701590245222800,
-11.699999999999500,1.0701659167861500,
-11.599999999999500,1.070173107233100,
-11.499999999999500,1.0701806087163000,
-11.399999999999500,1.0701884346387700,
-11.299999999999500,1.0701965989765300,
-11.19999999999950,1.0702051163027000,
-11.099999999999500,1.0702140018125700,
-10.999999999999500,1.0702232713496600,
-10.899999999999500,1.0702329414329200,
-10.799999999999500,1.0702430292848600,
-10.699999999999500,1.0702535528610100,
-10.599999999999500,1.0702645308803500,
-10.49999999999950,1.070275982857100,
-10.399999999999500,1.0702879291337200,
-10.299999999999500,1.0703003909151400,
-10.199999999999500,1.0703133903044600,
-10.099999999999500,1.0703269503399300,
-9.999999999999500,1.0703410950333900,
-9.899999999999500,1.0703558494102800,
-9.7999999999995,1.0703712395510100,
-9.699999999999500,1.0703872926340900,
-9.599999999999500,1.0704040369807600,
-9.499999999999500,1.0704215021013800,
-9.399999999999490,1.0704397187434800,
-9.299999999999490,1.0704587189416600,
-9.199999999999490,1.070478536069260,
-9.09999999999949,1.0704992048919700,
-8.999999999999490,1.0705207616233400,
-8.899999999999490,1.0705432439822600,
-8.799999999999490,1.0705666912524900,
-8.699999999999480,1.0705911443443300,
-8.599999999999480,1.0706166458583000,
-8.499999999999480,1.0706432401511200,
-8.39999999999948,1.0706709734037900,
-8.299999999999480,1.0706998936920800,
-8.199999999999480,1.0707300510592000,
-8.099999999999480,1.0707614975908500,
-7.999999999999470,1.070794287492690,
-7.899999999999470,1.0708284771701300,
-7.799999999999470,1.0708641253106400,
-7.69999999999947,1.0709012929684400,
-7.5999999999994700,1.0709400436516700,
-7.499999999999470,1.0709804434120600,
-7.399999999999470,1.0710225609370400,
-7.299999999999460,1.0710664676442700,
-7.199999999999460,1.0711122377787300,
-7.099999999999460,1.0711599485120600,
-6.99999999999946,1.0712096800444200,
-6.899999999999460,1.0712615157085500,
-6.799999999999460,1.071315542076160,
-6.699999999999460,1.0713718490664300,
-6.599999999999450,1.0714305300566000,
-6.499999999999450,1.0714916819945000,
-6.3999999999994500,1.071555405512860,
-6.29999999999945,1.0716218050453300,
-6.199999999999450,1.071690988943870,
-6.099999999999450,1.0717630695974200,
-5.999999999999450,1.0718381635516100,
-5.899999999999440,1.0719163916291400,
-5.799999999999440,1.0719978790506000,
-5.6999999999994400,1.07208275555543,
-5.59999999999944,1.0721711555225000,
-5.499999999999440,1.0722632180900600,
-5.399999999999440,1.072359087274450,
-5.299999999999440,1.0724589120871300,
-5.199999999999430,1.0725628466495500,
-5.099999999999430,1.0726710503050200,
-4.999999999999430,1.0727836877271500,
-4.89999999999943,1.0729009290240000,
-4.799999999999430,1.073022949837180,
-4.699999999999430,1.0731499314350400,
-4.599999999999430,1.0732820607990000,
-4.4999999999994200,1.0734195307021400,
-4.399999999999420,1.0735625397787200,
-4.299999999999420,1.0737112925838200,
-4.19999999999942,1.0738659996415600,
-4.099999999999420,1.074026877480770,
-3.9999999999994200,1.0741941486566600,
-3.899999999999420,1.0743680417569600,
-3.7999999999994100,1.0745487913910800,
-3.699999999999410,1.0747366381604300,
-3.5999999999994100,1.0749318286084100,
-3.4999999999994100,1.0751346151480300,
-3.399999999999410,1.0753452559652900,
-3.2999999999994100,1.0755640148964800,
-3.199999999999410,1.0757911612770800,
-3.0999999999994000,1.076026969760320,
-2.999999999999400,1.076271720103130,
-2.8999999999994000,1.0765256969172000,
-2.7999999999994000,1.076789189382930,
-2.699999999999400,1.0770624909238500,
-2.5999999999994000,1.0773458988392800,
-2.499999999999400,1.0776397138927600,
-2.3999999999993900,1.0779442398541500,
-2.299999999999390,1.0782597829928400,
-2.1999999999993900,1.0785866515202000,
-2.0999999999993900,1.0789251549788900,
-1.999999999999390,1.0792756035772800,
-1.8999999999993900,1.0796383074670200,
-1.799999999999390,1.080013575962250,
-1.6999999999993800,1.080401716699040,
-1.5999999999993800,1.0808030347339900,
-1.4999999999993800,1.0812178315811900,
-1.3999999999993800,1.0816464041871800,
-1.299999999999380,1.0820890438439500,
-1.1999999999993800,1.082546035040380,
-1.0999999999993800,1.0830176542532500,
-0.9999999999993750,1.0835041686792400,
-0.8999999999993730,1.08400583491031,
-0.7999999999993720,1.0845228975551200,
-0.6999999999993710,1.0850555878101800,
-0.599999999999369,1.0856041219850400,
-0.4999999999993680,1.0861686999866000,
-0.3999999999993660,1.0867495037685400,
-0.2999999999993650,1.087346695752630,
-0.19999999999936300,1.087960417229600,
-0.09999999999936190,1.0885907867481500,
6.3948846218409E-13,1.0892378985014500,
0.10000000000064100,1.089901820721520,
0.20000000000064200,1.0905825940923900,
0.30000000000064400,1.0912802301942400,
0.4000000000006450,1.0919947099907600,
0.5000000000006470,1.0927259823732700,
0.600000000000648,1.0934739627752400,
0.7000000000006490,1.094238531871440,
0.8000000000006510,1.0950195343763200,
0.9000000000006520,1.0958167779562100,
1.0000000000006500,1.0966300322701200,1.106564
1.1000000000006600,1.0974590281534200,
1.2000000000006600,1.0983034569588400,
1.300000000000660,1.0991629700678700,
1.4000000000006600,1.1000371785857300,
1.5000000000006600,1.1009256532313300,
1.6000000000006600,1.1018279244328100,
1.7000000000006600,1.1027434826378500,
1.800000000000670,1.1036717788460300,
1.9000000000006700,1.104612225368960,
2.000000000000670,1.1055641968218200,1.113861
2.1000000000006700,1.106527031347750,
2.2000000000006700,1.1075000320743500,
2.300000000000670,1.1084824687990200,
2.4000000000006700,1.1094735798977800,
2.500000000000680,1.1104725744493000,
2.6000000000006800,1.1114786345637600,
2.700000000000680,1.1124909179037400,
2.8000000000006800,1.1135085603818300,
2.9000000000006800,1.1145306790177900,
3.000000000000680,1.1155563749358500,1.124740
3.1000000000006800,1.1165847364812500,
3.200000000000690,1.1176148424332000,
3.3000000000006900,1.118645765290680,
3.400000000000690,1.1196765746061200,
3.5000000000006900,1.120706340341750,
3.6000000000006900,1.1217341362226300,
3.700000000000690,1.1227590430610700,
3.8000000000006900,1.123780152026880,
3.900000000000700,1.1247965678389600,
4.000000000000700,1.1258074118547900,1.136822
4.100000000000700,1.1268118250354300,
4.200000000000700,1.1278089707654300,
4.300000000000700,1.1287980375088700,
4.400000000000700,1.1297782412846900,
4.500000000000700,1.130748827946730,
4.600000000000710,1.1317090752560600,
4.700000000000710,1.1326582947359600,
4.800000000000710,1.1335958333018600,
4.900000000000710,1.13452107466143,
5.0000000000007100,1.1354334404821000,1.149841
5.100000000000710,1.1363323913259400,
5.200000000000710,1.137217427353830,
5.300000000000720,1.1380880888030400,
5.400000000000720,1.138943956244400,
5.500000000000720,1.1397846506267700,
5.600000000000720,1.1406098331184500,
5.7000000000007200,1.141419204756200,
5.800000000000720,1.1422125059138900,
5.900000000000720,1.142989515603840,
6.000000000000730,1.143750050624310,1.147517
6.100000000000730,1.1444939645676000,
6.200000000000730,1.1452211467031300,
6.300000000000730,1.1459315207502400,
6.40000000000073,1.1466250435553600,
6.500000000000730,1.1473017036880900,
6.600000000000730,1.1479615199702100,
6.700000000000740,1.1486045399512600,
6.800000000000740,1.1492308383440500,
6.9000000000007400,1.1498405154320900,
7.000000000000740,1.150433695461160,1.151669
7.10000000000074,1.151010525025390,
7.200000000000740,1.1515711714584300,
7.300000000000740,1.1521158212384900,
7.400000000000750,1.1526446784158500,
7.500000000000750,1.153157963070220,
7.6000000000007500,1.1536559098044800,
7.700000000000750,1.1541387662806800,
7.80000000000075,1.1546067918030500,
7.900000000000750,1.1550602559522900,
8.000000000000750,1.1554994372745300,1.161942
8.100000000000760,1.1559246220275700,
8.200000000000760,1.1563361029864500,
8.300000000000760,1.156734178309930,
8.400000000000760,1.1571191504684600,
8.50000000000076,1.157491325234400,
8.600000000000760,1.157851010733980,
8.700000000000760,1.1581985165608800,
8.800000000000770,1.1585341529503300,
8.900000000000770,1.1588582300127100,
9.000000000000770,1.1591710570251700,1.173358
9.100000000000770,1.1594729417795400,
9.20000000000077,1.1597641899848700,
9.300000000000770,1.1600451047224300,
9.400000000000770,1.1603159859510300,
9.500000000000770,1.1605771300606900,
9.600000000000780,1.1608288294720000,
9.700000000000780,1.161071372279260,
9.800000000000780,1.1613050419347000,
9.90000000000078,1.161530116971740,
10.000000000000800,1.1617468707647300,1.185637
10.100000000000800,1.1619555713231000,
10.200000000000800,1.1621564811174800,
10.300000000000800,1.1623498569358100,
10.400000000000800,1.162535949767050,
10.500000000000800,1.1627150047108000,
10.60000000000080,1.162887260910440,
10.700000000000800,1.1630529515083200,
10.800000000000800,1.1632123036207900,
10.900000000000800,1.1633655383316600,
11.000000000000800,1.1635128707022900,1.182167
11.100000000000800,1.1636545097967900,
11.200000000000800,1.1637906587208900,
11.3000000000008,1.1639215146730500,
11.400000000000800,1.164047269006620,
11.500000000000800,1.1641681073017000,
11.600000000000800,1.1642842094456900,
11.700000000000800,1.1643957497213800,
11.800000000000800,1.1645028969017100,
11.900000000000800,1.164605814350110,
12.00000000000080,1.164704660125810,1.175614
12.100000000000800,1.164799587093170,
12.200000000000800,1.1648907430343600,
12.300000000000800,1.1649782707647900,
12.400000000000800,1.1650623082506000,
12.500000000000800,1.1651429887277100,
12.600000000000800,1.1652204408220000,
12.70000000000080,1.165294788670000,
12.800000000000800,1.1653661520398300,
12.900000000000800,1.1654346464519700,
13.000000000000800,1.1655003832994800,1.173967
13.100000000000800,1.1655634699675200,
13.200000000000800,1.1656240099516600,
13.300000000000800,1.1656821029750400,
13.40000000000080,1.165737845103920,
13.500000000000800,1.1657913288616100,
13.600000000000800,1.1658426433405000,
13.700000000000800,1.1658918743122000,
13.800000000000800,1.1659391043354900,
13.900000000000800,1.165984412862180,
14.000000000000800,1.1660278763406300,1.177549
14.10000000000080,1.1660695683169600,
14.200000000000800,1.1661095595339200,
14.300000000000800,1.166147918027310,
14.400000000000800,1.166184709219910,
14.500000000000800,1.1662199960130300,
14.600000000000800,1.166253838875540,
14.700000000000800,1.1662862959304700,
14.80000000000090,1.166317423039080,
14.900000000000900,1.1663472738825700,
15.000000000000900,1.166375900041300,1.178157
15.100000000000900,1.166403351071660,
15.200000000000900,1.1664296745805500,
15.300000000000900,1.1664549162975400,
15.400000000000900,1.166479120144680,
15.50000000000090,1.16650232830415,
15.600000000000900,1.166524581283640,
15.700000000000900,1.166545917979540,
15.800000000000900,1.1665663757380900,
15.900000000000900,1.166585990414380,
16.000000000000900,1.1666047964293900,1.163256
16.10000000000090,1.1666228268249800,
16.20000000000090,1.1666401133170600,
16.30000000000090,1.166656686346810,
16.400000000000900,1.166672575130120,
16.500000000000900,1.1666878077052400,
16.600000000000900,1.166702410978720,
16.700000000000900,1.1667164107697100,
16.80000000000090,1.1667298318525800,
16.90000000000090,1.166742697998050,
17.00000000000090,1.1667550320127300,1.160133
17.100000000000900,1.1667668557772300,
17.200000000000900,1.1667781902828500,
17.300000000000900,1.166789055666870,
17.400000000000900,1.1667994712465100,
17.500000000000900,1.1668094555516300,
17.60000000000090,1.1668190263561500,
17.70000000000090,1.1668282007082800,
17.800000000000900,1.1668369949596200,
17.900000000000900,1.1668454247931000,
18.000000000000900,1.1668535052498500,1.169336
18.100000000000900,1.1668612507550500,
18.200000000000900,1.1668686751427500,
18.3000000000009,1.1668757916797100,
18.4000000000009,1.166882613088380,
18.500000000000900,1.1668891515688800,
18.600000000000900,1.1668954188201700,
18.700000000000900,1.166901426060390,
18.800000000000900,1.1669071840463800,
18.900000000000900,1.1669127030924400,
19.00000000000090,1.1669179930883000,1.174761
19.100000000000900,1.1669230635164500,
19.200000000000900,1.1669279234687300,
19.30000000000090,1.1669325816622500,
19.400000000000900,1.166937046454720,
19.50000000000090,1.1669413258591100,
19.600000000000900,1.1669454275577700,
19.700000000000900,1.1669493589159400,
19.80000000000090,1.1669531269947500,
19.900000000000900,1.1669567385637000,
20.000000000000900,1.1669602001125700,1.183834
20.100000000000900,1.1669635178629600,
20.200000000000900,1.1669666977792400,
20.30000000000090,1.1669697455791700,
20.40000000000090,1.1669726667440000,
20.500000000000900,1.1669754665282100,
20.600000000000900,1.1669781499688400,
20.700000000000900,1.166980721894440,
20.800000000000900,1.1669831869336600,
20.900000000000900,1.1669855495234700,
21.000000000000900,1.1669878139170900,1.165374
21.100000000000900,1.1669899841915200,
21.20000000000090,1.1669920642548700,
21.30000000000100,1.1669940578532800,
21.400000000000900,1.1669959685776100,
21.500000000000900,1.1669977998699000,
21.600000000000900,1.166999555029430,
21.700000000001000,1.1670012372187200,
21.80000000000100,1.1670028494691100,
21.900000000000900,1.1670043946861900,
22.000000000001000,1.16700587565504,1.174720
22.10000000000100,1.1670072950451800,
22.200000000001000,1.167008655415370,
22.30000000000100,1.1670099592181600,
22.400000000001000,1.167011208804340,
22.500000000001000,1.1670124064271100,
22.60000000000100,1.1670135542461400,
22.700000000001000,1.1670146543314300,
22.800000000001000,1.1670157086670500,
22.900000000001000,1.1670167191546700,
23.000000000001000,1.1670176876170000,
23.10000000000100,1.1670186158010400,
23.20000000000100,1.1670195053812400,
23.300000000001000,1.1670203579625000,
23.400000000001000,1.1670211750830500,
23.500000000001000,1.1670219582172100,
23.600000000001000,1.167022708778070,
23.700000000001000,1.1670234281199900,
23.800000000001000,1.167024117541050,
23.900000000001000,1.1670247782854100,
24.00000000000100,1.1670254115455300,1.175049
24.10000000000100,1.167026018464280,
24.200000000001000,1.1670266001370800,
24.300000000001000,1.1670271576138000,
24.400000000001000,1.167027691900660,
24.500000000001000,1.1670282039620700,
24.60000000000100,1.167028694722360,
24.700000000001000,1.1670291650674300,
24.800000000001000,1.1670296158463400,
24.900000000001,1.1670300478728700,
25.000000000001000,1.1670304619269600,1.173198
25.10000000000100,1.1670308587561300,
25.200000000001000,1.1670312390768100,
25.300000000001000,1.167031603575650,
25.400000000001,1.1670319529107400,
25.500000000001000,1.1670322877128300,
25.600000000001000,1.167032608586410,
25.700000000001000,1.1670329161108600,
25.800000000001000,1.1670332108414600,
25.900000000001,1.1670334933103900,
26.00000000000100,1.167033764027710,1.178783
26.100000000001000,1.1670340234822500,
26.200000000001000,1.167034272142540,
26.300000000001000,1.1670345104576000,
26.400000000001000,1.167034738857780,
26.500000000001000,1.1670349577555500,
26.600000000001000,1.1670351675462000,
26.700000000001000,1.1670353686085900,
26.80000000000100,1.167035561305820,
26.90000000000100,1.1670357459858900,
27.000000000001000,1.1670359229823300,1.167515
27.100000000001000,1.1670360926147900,
27.200000000001000,1.1670362551896300,
27.300000000001000,1.16703641100045,
27.40000000000100,1.1670365603286600,
27.500000000001000,1.167036703443960,
27.60000000000100,1.167036840604810,
27.70000000000100,1.167036972058950,
27.800000000001000,1.1670370980437800,
27.90000000000100,1.167037218786870,
28.000000000001000,1.1670373345062700,1.157395
28.100000000001000,1.1670374454110100,
28.20000000000100,1.1670375517013800,
28.300000000001000,1.1670376535693700,
28.400000000001000,1.1670377511989700,
28.50000000000110,1.1670378447665200,
28.600000000001000,1.1670379344410100,
28.70000000000100,1.1670380203844200,
28.80000000000110,1.1670381027519900,
28.900000000001100,1.1670381816924800,
29.00000000000110,1.1670382573484800,1.162652
29.100000000001000,1.1670383298566500,
29.200000000001100,1.1670383993479500,
29.300000000001100,1.1670384659479000,
29.400000000001100,1.1670385297768100,
29.50000000000110,1.167038590949950,
29.60000000000110,1.1670386495778400,
29.70000000000110,1.1670387057663600,
29.800000000001100,1.1670387596170200,
29.900000000001100,1.1670388112270700,
30.000000000001100,1.1670388606897500,1.159362
30.100000000001100,1.1670389080944100,
30.20000000000110,1.167038953526660,
30.300000000001100,1.1670389970685700,
30.40000000000110,1.167039038798810,
30.50000000000110,1.1670390787927300,
30.600000000001100,1.167039117122590,
30.70000000000110,1.16703915385763,
30.800000000001100,1.167039189064200,
30.900000000001100,1.1670392228058900,
31.00000000000110,1.1670392551436500,
31.100000000001100,1.1670392861359100,
31.200000000001100,1.167039315838640,
31.30000000000110,1.1670393443054900,
31.400000000001100,1.1670393715878900,
31.50000000000110,1.1670393977351200,
31.60000000000110,1.167039422794420,
31.700000000001100,1.1670394468110400,
31.80000000000110,1.1670394698283700,
31.900000000001100,1.1670394918879900,
32.000000000001100,1.16703951302975,
32.1000000000011,1.167039533291840,
32.2000000000011,1.1670395527108600,
32.30000000000110,1.1670395713218800,
32.4000000000011,1.1670395891585300,
32.50000000000110,1.1670396062530300,
32.6000000000011,1.1670396226362600,
32.7000000000011,1.167039638337800,
32.800000000001100,1.167039653386030,
32.900000000001100,1.1670396678081300,
33.00000000000110,1.1670396816301500,1.158828
33.1000000000011,1.167039694877050,
33.20000000000110,1.1670397075727700,
33.30000000000110,1.167039719740250,
33.400000000001100,1.1670397314014500,
33.50000000000110,1.16703974257745,
33.60000000000110,1.1670397532884300,
33.700000000001100,1.1670397635537500,
33.80000000000110,1.1670397733919400,
33.900000000001100,1.1670397828207800,
34.00000000000110,1.1670397918573000,1.153164
34.10000000000110,1.1670398005178200,
34.200000000001100,1.167039808818000,
34.30000000000110,1.167039816772810,
34.40000000000110,1.1670398243966400,
34.50000000000110,1.1670398317032500,
34.60000000000110,1.1670398387058400,
34.700000000001100,1.1670398454170600,
34.800000000001100,1.1670398518490400,
34.90000000000110,1.1670398580134000,
35.00000000000110,1.1670398639212700,1.162249
35.10000000000110,1.1670398695833100,
35.20000000000110,1.1670398750097700,
35.30000000000120,1.1670398802104400,
35.40000000000110,1.167039885194720,
35.50000000000110,1.1670398899716100,
35.600000000001100,1.1670398945497400,
35.700000000001200,1.1670398989373800,
35.80000000000120,1.1670399031424600,
35.90000000000110,1.1670399071725700,
36.00000000000120,1.1670399110349900,1.171999
36.10000000000120,1.1670399147367000,
36.200000000001200,1.1670399182843900,
36.30000000000120,1.1670399216844700,
36.40000000000120,1.1670399249430700,
36.500000000001200,1.167039928066090,
36.60000000000120,1.1670399310591600,
36.700000000001200,1.1670399339277000,
36.80000000000120,1.1670399366768700,
36.90000000000120,1.1670399393116600,
37.000000000001200,1.1670399418368200,1.179814
37.10000000000120,1.1670399442569100,
37.20000000000120,1.167039946576310,
37.30000000000120,1.1670399487992000,
37.40000000000120,1.167039950929590,
37.500000000001200,1.1670399529713500,
37.600000000001200,1.1670399549281500,
37.70000000000120,1.1670399568035200,
37.80000000000120,1.1670399586008700,
37.90000000000120,1.1670399603234300,
38.00000000000120,1.1670399619743200,
38.10000000000120,1.1670399635565200,
38.20000000000120,1.167039965072880,
38.30000000000120,1.1670399665261500,
38.400000000001200,1.1670399679189600,
38.500000000001200,1.1670399692538100,
38.60000000000120,1.1670399705331100,
38.70000000000120,1.167039971759190,
38.80000000000120,1.1670399729342500,
38.9000000000012,1.1670399740604200,
39.000000000001200,1.1670399751397300,
39.10000000000120,1.1670399761741400,
39.2000000000012,1.1670399771655000,
39.300000000001200,1.1670399781156100,
39.4000000000012,1.1670399790261900,
39.500000000001200,1.167039979898880,
39.6000000000012,1.1670399807352600,
39.70000000000120,1.1670399815368400,
39.800000000001200,1.1670399823050700,
39.9000000000012,1.167039983041330,
40.00000000000120,1.1670399837469600,
40.10000000000120,1.1670399844232300,
40.20000000000120,1.1670399850713600,
40.300000000001200,1.1670399856925200,
40.400000000001200,1.1670399862878300,
40.50000000000120,1.1670399868583800,
40.60000000000120,1.1670399874051800,
40.70000000000120,1.1670399879292400,
40.80000000000120,1.1670399884314900,
40.90000000000120,1.1670399889128400,
41.00000000000120,1.1670399893741600,
41.10000000000120,1.1670399898162900,
41.200000000001200,1.1670399902400200,
41.30000000000120,1.1670399906461200,
41.40000000000120,1.1670399910353200,
41.50000000000120,1.1670399914083300,
41.60000000000120,1.1670399917658200,
41.70000000000120,1.1670399921084300,
41.80000000000120,1.1670399924367900,
41.90000000000120,1.1670399927514800,
42.000000000001200,1.167039993053080,1.183093
42.100000000001200,1.167039993342140,
42.20000000000120,1.1670399936191600,
42.30000000000120,1.167039993884660,
42.40000000000120,1.1670399941391100,
42.50000000000130,1.1670399943829700,
42.600000000001200,1.1670399946166900,
42.70000000000120,1.1670399948406800,
42.80000000000130,1.167039995055360,
42.900000000001300,1.167039995261100,
43.00000000000130,1.1670399954582700,
43.100000000001200,1.1670399956472500,
43.20000000000130,1.167039995828360,
43.30000000000130,1.1670399960019400,
43.400000000001300,1.1670399961682900,
43.50000000000130,1.1670399963277200,
43.60000000000130,1.167039996480520,
43.70000000000130,1.1670399966269600,
43.80000000000130,1.1670399967673100,
43.900000000001300,1.1670399969018200,
44.000000000001300,1.1670399970307300,
44.10000000000130,1.1670399971542800,
44.20000000000130,1.1670399972726800,
44.30000000000130,1.1670399973861600,
44.40000000000130,1.1670399974949200,
44.50000000000130,1.1670399975991600,
44.60000000000130,1.1670399976990500,
44.70000000000130,1.167039997794790,
44.800000000001300,1.1670399978865500,
44.900000000001300,1.1670399979744800,
45.00000000000130,1.1670399980587600,1.179238
45.10000000000130,1.167039998139540,
45.20000000000130,1.1670399982169500,
45.30000000000130,1.167039998291140,
45.400000000001300,1.1670399983622400,
45.50000000000130,1.1670399984303900,
45.60000000000130,1.1670399984957000,
45.700000000001300,1.167039998558290,
45.80000000000130,1.1670399986182800,
45.900000000001300,1.1670399986757700,
46.00000000000130,1.167039998730870,
46.1000000000013,1.167039998783670,
46.200000000001300,1.1670399988342800,
46.30000000000130,1.1670399988827900,
46.4000000000013,1.1670399989292700,
46.50000000000130,1.1670399989738200,
46.6000000000013,1.1670399990165200,
46.700000000001300,1.1670399990574400,
46.800000000001300,1.1670399990966600,
46.90000000000130,1.167039999134250,
47.00000000000130,1.1670399991702700,
47.1000000000013,1.1670399992048000,
47.20000000000130,1.167039999237880,
47.30000000000130,1.1670399992695900,
47.40000000000130,1.167039999299990,
47.50000000000130,1.1670399993291100,
47.600000000001300,1.1670399993570300,
47.700000000001300,1.1670399993837800,
47.80000000000130,1.1670399994094200,
47.90000000000130,1.167039999433990,
48.00000000000130,1.1670399994575400,
48.10000000000130,1.1670399994801100,
48.200000000001300,1.1670399995017500,
48.30000000000130,1.167039999522480,
48.40000000000130,1.1670399995423500,
48.500000000001300,1.1670399995613900,
48.60000000000130,1.1670399995796400,
48.700000000001300,1.1670399995971300,
48.80000000000130,1.1670399996138900,
48.90000000000130,1.1670399996299600,
49.000000000001300,1.1670399996453600,
49.10000000000130,1.1670399996601100,
49.20000000000130,1.167039999674250,
49.30000000000140,1.1670399996878100,
49.40000000000130,1.1670399997008000,
49.500000000001300,1.1670399997132500,
49.600000000001300,1.1670399997251800,
49.70000000000140,1.1670399997366100,
49.80000000000140,1.1670399997475700,
49.90000000000130,1.1670399997580800,